requested_x_y_mib,gpu,load_policy,ilp,sm_count,threads_per_block,blocks,blocks_per_sm,data_num_per_thread,kernel_repeat,trials,elements_per_array,bytes_per_array,read_bytes_per_timed_kernel,median_ms,min_ms,max_ms,bandwidth_GBps,bandwidth_GiBps
1,ZW-M890P,ld.global.cg,1,39,128,39,1,26,200,199,129792,519168,207667200,0.49776,0.49657,0.50105,417.203,388.551
1,ZW-M890P,ld.global.cg,1,39,256,39,1,13,200,199,129792,519168,207667200,0.28979,0.28925,0.29112,716.613,667.398
1,ZW-M890P,ld.global.cg,1,39,512,39,1,6,200,199,119808,479232,191692800,0.15971,0.15923,0.16094,1200.26,1117.82
1,ZW-M890P,ld.global.cg,1,39,1024,39,1,3,200,199,119808,479232,191692800,0.15388,0.15321,0.16103,1245.73,1160.18
1,ZW-M890P,ld.global.cg,2,39,128,39,1,26,200,199,129792,519168,207667200,0.5021,0.50173,0.50492,413.597,385.193
1,ZW-M890P,ld.global.cg,2,39,256,39,1,12,200,199,119808,479232,191692800,0.23874,0.23769,0.24031,802.935,747.792
1,ZW-M890P,ld.global.cg,2,39,512,39,1,6,200,199,119808,479232,191692800,0.16202,0.16155,0.1678,1183.14,1101.89
1,ZW-M890P,ld.global.cg,2,39,1024,39,1,2,200,199,79872,319488,127795200,0.09044,0.08973,0.09171,1413.04,1315.99
1,ZW-M890P,ld.global.cg,4,39,128,39,1,24,200,199,119808,479232,191692800,0.42673,0.42619,0.43295,449.213,418.362
1,ZW-M890P,ld.global.cg,4,39,256,39,1,12,200,199,119808,479232,191692800,0.22286,0.22191,0.22709,860.149,801.076
1,ZW-M890P,ld.global.cg,4,39,512,39,1,4,200,199,79872,319488,127795200,0.08503,0.08438,0.08665,1502.94,1399.72
1,ZW-M890P,ld.global.cg,4,39,1024,39,1,4,200,199,159744,638976,255590400,0.12135,0.12028,0.12324,2106.23,1961.57
1,ZW-M890P,ld.global.cg,8,39,128,39,1,24,200,199,119808,479232,191692800,0.25566,0.25526,0.26079,749.796,698.302
1,ZW-M890P,ld.global.cg,8,39,256,39,1,8,200,199,79872,319488,127795200,0.09559,0.0948,0.10026,1336.91,1245.09
1,ZW-M890P,ld.global.cg,8,39,512,39,1,8,200,199,159744,638976,255590400,0.12414,0.12198,0.13182,2058.89,1917.49
1,ZW-M890P,ld.global.cg,8,39,1024,39,1,8,200,199,319488,1277952,511180800,0.23593,0.23068,0.24224,2166.66,2017.86
1,ZW-M890P,ld.global.ca,1,39,128,39,1,26,200,199,129792,519168,207667200,0.165,0.16477,0.16959,1258.59,1172.15
1,ZW-M890P,ld.global.ca,1,39,256,39,1,13,200,199,129792,519168,207667200,0.09624,0.09556,0.0975,2157.81,2009.61
1,ZW-M890P,ld.global.ca,1,39,512,39,1,6,200,199,119808,479232,191692800,0.06105,0.06044,0.06343,3139.93,2924.29
1,ZW-M890P,ld.global.ca,1,39,1024,39,1,3,200,199,119808,479232,191692800,0.0587,0.05822,0.0639,3265.64,3041.36
1,ZW-M890P,ld.global.ca,2,39,128,39,1,26,200,199,129792,519168,207667200,0.18,0.1797,0.18591,1153.71,1074.47
1,ZW-M890P,ld.global.ca,2,39,256,39,1,12,200,199,119808,479232,191692800,0.09164,0.09104,0.09308,2091.8,1948.14
1,ZW-M890P,ld.global.ca,2,39,512,39,1,6,200,199,119808,479232,191692800,0.06822,0.06702,0.0732,2809.92,2616.94
1,ZW-M890P,ld.global.ca,2,39,1024,39,1,2,200,199,79872,319488,127795200,0.04377,0.04301,0.05116,2919.7,2719.18
1,ZW-M890P,ld.global.ca,4,39,128,39,1,24,200,199,119808,479232,191692800,0.13875,0.13846,0.14259,1381.57,1286.69
1,ZW-M890P,ld.global.ca,4,39,256,39,1,12,200,199,119808,479232,191692800,0.07536,0.07506,0.08193,2543.69,2369
1,ZW-M890P,ld.global.ca,4,39,512,39,1,4,200,199,79872,319488,127795200,0.03585,0.03553,0.03888,3564.72,3319.9
1,ZW-M890P,ld.global.ca,4,39,1024,39,1,4,200,199,159744,638976,255590400,0.03881,0.03801,0.04087,6585.68,6133.4
1,ZW-M890P,ld.global.ca,8,39,128,39,1,24,200,199,119808,479232,191692800,0.10891,0.1086,0.11199,1760.1,1639.22
1,ZW-M890P,ld.global.ca,8,39,256,39,1,8,200,199,79872,319488,127795200,0.05149,0.0511,0.05738,2481.94,2311.49
1,ZW-M890P,ld.global.ca,8,39,512,39,1,8,200,199,159744,638976,255590400,0.06529,0.06459,0.07387,3914.69,3645.84
1,ZW-M890P,ld.global.ca,8,39,1024,39,1,8,200,199,319488,1277952,511180800,0.0855,0.08442,0.09074,5978.72,5568.12
1,ZW-M890P,ld.global.cg,1,39,128,78,2,13,200,199,129792,519168,207667200,0.28941,0.28776,0.29448,717.554,668.274
1,ZW-M890P,ld.global.cg,1,39,256,78,2,6,200,199,119808,479232,191692800,0.1599,0.15941,0.16102,1198.83,1116.5
1,ZW-M890P,ld.global.cg,1,39,512,78,2,3,200,199,119808,479232,191692800,0.15306,0.15255,0.15801,1252.4,1166.39
1,ZW-M890P,ld.global.cg,1,39,1024,78,2,1,200,199,79872,319488,127795200,0.08716,0.08668,0.08835,1466.21,1365.52
1,ZW-M890P,ld.global.cg,2,39,128,78,2,12,200,199,119808,479232,191692800,0.2389,0.23836,0.24339,802.398,747.291
1,ZW-M890P,ld.global.cg,2,39,256,78,2,6,200,199,119808,479232,191692800,0.1604,0.15986,0.16801,1195.09,1113.02
1,ZW-M890P,ld.global.cg,2,39,512,78,2,2,200,199,79872,319488,127795200,0.09047,0.08975,0.09334,1412.57,1315.56
1,ZW-M890P,ld.global.cg,2,39,1024,78,2,2,200,199,159744,638976,255590400,0.12094,0.12001,0.12676,2113.37,1968.22
1,ZW-M890P,ld.global.cg,4,39,128,78,2,12,200,199,119808,479232,191692800,0.22354,0.22256,0.22711,857.532,798.639
1,ZW-M890P,ld.global.cg,4,39,256,78,2,4,200,199,79872,319488,127795200,0.08438,0.0839,0.08596,1514.52,1410.51
1,ZW-M890P,ld.global.cg,4,39,512,78,2,4,200,199,159744,638976,255590400,0.12164,0.1202,0.129,2101.2,1956.9
1,ZW-M890P,ld.global.cg,4,39,1024,78,2,4,200,199,319488,1277952,511180800,0.24138,0.23056,0.24551,2117.74,1972.3
1,ZW-M890P,ld.global.cg,8,39,128,78,2,8,200,199,79872,319488,127795200,0.09582,0.09492,0.09907,1333.7,1242.11
1,ZW-M890P,ld.global.cg,8,39,256,78,2,8,200,199,159744,638976,255590400,0.12151,0.12022,0.12556,2103.45,1958.99
1,ZW-M890P,ld.global.cg,8,39,512,78,2,8,200,199,319488,1277952,511180800,0.23828,0.23204,0.24757,2145.29,1997.96
1,ZW-M890P,ld.global.cg,8,39,1024,78,2,8,200,199,638976,2555904,1022361600,0.47111,0.45554,0.47912,2170.11,2021.07
1,ZW-M890P,ld.global.ca,1,39,128,78,2,13,200,199,129792,519168,207667200,0.09612,0.09579,0.10021,2160.5,2012.12
1,ZW-M890P,ld.global.ca,1,39,256,78,2,6,200,199,119808,479232,191692800,0.06092,0.06028,0.06642,3146.63,2930.53
1,ZW-M890P,ld.global.ca,1,39,512,78,2,3,200,199,119808,479232,191692800,0.05867,0.05805,0.06779,3267.31,3042.92
1,ZW-M890P,ld.global.ca,1,39,1024,78,2,1,200,199,79872,319488,127795200,0.04336,0.04296,0.0445,2947.31,2744.89
1,ZW-M890P,ld.global.ca,2,39,128,78,2,12,200,199,119808,479232,191692800,0.09147,0.09097,0.09641,2095.69,1951.76
1,ZW-M890P,ld.global.ca,2,39,256,78,2,6,200,199,119808,479232,191692800,0.06815,0.06711,0.07722,2812.81,2619.63
1,ZW-M890P,ld.global.ca,2,39,512,78,2,2,200,199,79872,319488,127795200,0.04371,0.04305,0.04498,2923.71,2722.91
1,ZW-M890P,ld.global.ca,2,39,1024,78,2,2,200,199,159744,638976,255590400,0.05671,0.05641,0.05777,4506.97,4197.44
1,ZW-M890P,ld.global.ca,4,39,128,78,2,12,200,199,119808,479232,191692800,0.07533,0.07505,0.07916,2544.71,2369.94
1,ZW-M890P,ld.global.ca,4,39,256,78,2,4,200,199,79872,319488,127795200,0.03592,0.0355,0.04033,3557.77,3313.43
1,ZW-M890P,ld.global.ca,4,39,512,78,2,4,200,199,159744,638976,255590400,0.03876,0.03818,0.04028,6594.18,6141.31
1,ZW-M890P,ld.global.ca,4,39,1024,78,2,4,200,199,319488,1277952,511180800,0.05916,0.05869,0.0654,8640.65,8047.23
1,ZW-M890P,ld.global.ca,8,39,128,78,2,8,200,199,79872,319488,127795200,0.05144,0.05099,0.05577,2484.35,2313.74
1,ZW-M890P,ld.global.ca,8,39,256,78,2,8,200,199,159744,638976,255590400,0.0653,0.06453,0.07194,3914.09,3645.28
1,ZW-M890P,ld.global.ca,8,39,512,78,2,8,200,199,319488,1277952,511180800,0.08556,0.08456,0.08736,5974.53,5564.21
1,ZW-M890P,ld.global.ca,8,39,1024,78,2,8,200,199,638976,2555904,1022361600,0.25567,0.25248,0.26106,3998.75,3724.13
1,ZW-M890P,ld.global.cg,1,39,128,156,4,6,200,199,119808,479232,191692800,0.15775,0.15737,0.1644,1215.17,1131.71
1,ZW-M890P,ld.global.cg,1,39,256,156,4,3,200,199,119808,479232,191692800,0.15336,0.15273,0.15973,1249.95,1164.11
1,ZW-M890P,ld.global.cg,1,39,512,156,4,1,200,199,79872,319488,127795200,0.08717,0.08655,0.09624,1466.05,1365.36
1,ZW-M890P,ld.global.cg,1,39,1024,156,4,1,200,199,159744,638976,255590400,0.1694,0.1665,0.18111,1508.8,1405.18
1,ZW-M890P,ld.global.cg,2,39,128,156,4,6,200,199,119808,479232,191692800,0.16089,0.16035,0.1665,1191.45,1109.63
1,ZW-M890P,ld.global.cg,2,39,256,156,4,2,200,199,79872,319488,127795200,0.08978,0.08908,0.09142,1423.43,1325.67
1,ZW-M890P,ld.global.cg,2,39,512,156,4,2,200,199,159744,638976,255590400,0.12278,0.12093,0.13392,2081.69,1938.73
1,ZW-M890P,ld.global.cg,2,39,1024,156,4,2,200,199,319488,1277952,511180800,0.25518,0.25275,0.26293,2003.22,1865.64
1,ZW-M890P,ld.global.cg,4,39,128,156,4,4,200,199,79872,319488,127795200,0.08449,0.08415,0.08882,1512.55,1408.67
1,ZW-M890P,ld.global.cg,4,39,256,156,4,4,200,199,159744,638976,255590400,0.12175,0.12054,0.12745,2099.31,1955.13
1,ZW-M890P,ld.global.cg,4,39,512,156,4,4,200,199,319488,1277952,511180800,0.24728,0.24133,0.25182,2067.21,1925.24
1,ZW-M890P,ld.global.cg,4,39,1024,156,4,4,200,199,638976,2555904,1022361600,0.48868,0.47253,0.51648,2092.09,1948.41
1,ZW-M890P,ld.global.cg,8,39,128,156,4,8,200,199,159744,638976,255590400,0.1231,0.12143,0.13074,2076.28,1933.69
1,ZW-M890P,ld.global.cg,8,39,256,156,4,8,200,199,319488,1277952,511180800,0.23209,0.22991,0.24153,2202.51,2051.25
1,ZW-M890P,ld.global.cg,8,39,512,156,4,8,200,199,638976,2555904,1022361600,0.47161,0.45787,0.47992,2167.81,2018.93
1,ZW-M890P,ld.global.cg,8,39,1024,156,4,8,200,199,1277952,5111808,2044723200,0.92893,0.90466,0.94616,2201.16,2049.99
1,ZW-M890P,ld.global.ca,1,39,128,156,4,6,200,199,119808,479232,191692800,0.06119,0.06076,0.06508,3132.75,2917.6
1,ZW-M890P,ld.global.ca,1,39,256,156,4,3,200,199,119808,479232,191692800,0.05913,0.05858,0.05998,3241.89,3019.24
1,ZW-M890P,ld.global.ca,1,39,512,156,4,1,200,199,79872,319488,127795200,0.0437,0.04303,0.04979,2924.38,2723.54
1,ZW-M890P,ld.global.ca,1,39,1024,156,4,1,200,199,159744,638976,255590400,0.0829,0.08232,0.08357,3083.12,2871.38
1,ZW-M890P,ld.global.ca,2,39,128,156,4,6,200,199,119808,479232,191692800,0.06777,0.06707,0.07427,2828.58,2634.32
1,ZW-M890P,ld.global.ca,2,39,256,156,4,2,200,199,79872,319488,127795200,0.04381,0.04278,0.04499,2917.03,2716.7
1,ZW-M890P,ld.global.ca,2,39,512,156,4,2,200,199,159744,638976,255590400,0.05683,0.05643,0.05793,4497.46,4188.58
1,ZW-M890P,ld.global.ca,2,39,1024,156,4,2,200,199,319488,1277952,511180800,0.10843,0.10798,0.11418,4714.39,4390.61
1,ZW-M890P,ld.global.ca,4,39,128,156,4,4,200,199,79872,319488,127795200,0.036,0.03553,0.04017,3549.87,3306.07
1,ZW-M890P,ld.global.ca,4,39,256,156,4,4,200,199,159744,638976,255590400,0.03892,0.03823,0.04054,6567.07,6116.06
1,ZW-M890P,ld.global.ca,4,39,512,156,4,4,200,199,319488,1277952,511180800,0.05934,0.0588,0.06359,8614.44,8022.82
1,ZW-M890P,ld.global.ca,4,39,1024,156,4,4,200,199,638976,2555904,1022361600,0.11292,0.11256,0.11415,9053.86,8432.06
1,ZW-M890P,ld.global.ca,8,39,128,156,4,8,200,199,159744,638976,255590400,0.06537,0.06486,0.07346,3909.9,3641.38
1,ZW-M890P,ld.global.ca,8,39,256,156,4,8,200,199,319488,1277952,511180800,0.08546,0.0844,0.09003,5981.52,5570.73
1,ZW-M890P,ld.global.ca,8,39,512,156,4,8,200,199,638976,2555904,1022361600,0.28528,0.28138,0.29023,3583.71,3337.59
1,ZW-M890P,ld.global.ca,8,39,1024,156,4,8,200,199,1277952,5111808,2044723200,0.43968,0.36662,0.54548,4650.48,4331.1
1,ZW-M890P,ld.global.cg,1,39,128,312,8,3,200,199,119808,479232,191692800,0.15007,0.14952,0.15448,1277.36,1189.63
1,ZW-M890P,ld.global.cg,1,39,256,312,8,1,200,199,79872,319488,127795200,0.08716,0.08651,0.08842,1466.21,1365.52
1,ZW-M890P,ld.global.cg,1,39,512,312,8,1,200,199,159744,638976,255590400,0.16828,0.16661,0.17549,1518.84,1414.53
1,ZW-M890P,ld.global.cg,1,39,1024,312,8,1,200,199,319488,1277952,511180800,0.33512,0.3336,0.34091,1525.37,1420.61
1,ZW-M890P,ld.global.cg,2,39,128,312,8,2,200,199,79872,319488,127795200,0.09043,0.08993,0.09643,1413.19,1316.14
1,ZW-M890P,ld.global.cg,2,39,256,312,8,2,200,199,159744,638976,255590400,0.12291,0.12213,0.13149,2079.49,1936.68
1,ZW-M890P,ld.global.cg,2,39,512,312,8,2,200,199,319488,1277952,511180800,0.25552,0.25324,0.25767,2000.55,1863.16
1,ZW-M890P,ld.global.cg,2,39,1024,312,8,2,200,199,638976,2555904,1022361600,0.46661,0.46394,0.47314,2191.04,2040.57
1,ZW-M890P,ld.global.cg,4,39,128,312,8,4,200,199,159744,638976,255590400,0.12143,0.12053,0.12589,2104.84,1960.28
1,ZW-M890P,ld.global.cg,4,39,256,312,8,4,200,199,319488,1277952,511180800,0.23868,0.23003,0.2426,2141.7,1994.61
1,ZW-M890P,ld.global.cg,4,39,512,312,8,4,200,199,638976,2555904,1022361600,0.48592,0.46129,0.49446,2103.97,1959.48
1,ZW-M890P,ld.global.cg,4,39,1024,312,8,4,200,199,1277952,5111808,2044723200,0.94717,0.93609,0.97503,2158.77,2010.51
1,ZW-M890P,ld.global.cg,8,39,128,312,8,8,200,199,319488,1277952,511180800,0.23604,0.23062,0.25288,2165.65,2016.92
1,ZW-M890P,ld.global.cg,8,39,256,312,8,8,200,199,638976,2555904,1022361600,0.46938,0.46077,0.48373,2178.11,2028.52
1,ZW-M890P,ld.global.cg,8,39,512,312,8,8,200,199,1277952,5111808,2044723200,0.93389,0.90863,0.94762,2189.47,2039.1
1,ZW-M890P,ld.global.cg,8,39,1024,312,8,8,200,199,2555904,10223616,4089446400,1.85843,1.81743,1.88688,2200.48,2049.36
1,ZW-M890P,ld.global.ca,1,39,128,312,8,3,200,199,119808,479232,191692800,0.06188,0.06116,0.06705,3097.82,2885.07
1,ZW-M890P,ld.global.ca,1,39,256,312,8,1,200,199,79872,319488,127795200,0.04338,0.04297,0.04967,2945.95,2743.63
1,ZW-M890P,ld.global.ca,1,39,512,312,8,1,200,199,159744,638976,255590400,0.08231,0.08184,0.09028,3105.22,2891.96
1,ZW-M890P,ld.global.ca,1,39,1024,312,8,1,200,199,319488,1277952,511180800,0.16015,0.15968,0.16148,3191.89,2972.68
1,ZW-M890P,ld.global.ca,2,39,128,312,8,2,200,199,79872,319488,127795200,0.04379,0.04295,0.0471,2918.36,2717.94
1,ZW-M890P,ld.global.ca,2,39,256,312,8,2,200,199,159744,638976,255590400,0.05671,0.0563,0.05802,4506.97,4197.44
1,ZW-M890P,ld.global.ca,2,39,512,312,8,2,200,199,319488,1277952,511180800,0.1081,0.10763,0.11255,4728.78,4404.02
1,ZW-M890P,ld.global.ca,2,39,1024,312,8,2,200,199,638976,2555904,1022361600,0.2115,0.21108,0.21643,4833.86,4501.88
1,ZW-M890P,ld.global.ca,4,39,128,312,8,4,200,199,159744,638976,255590400,0.0388,0.03809,0.04482,6587.38,6134.98
1,ZW-M890P,ld.global.ca,4,39,256,312,8,4,200,199,319488,1277952,511180800,0.06903,0.06848,0.07033,7405.2,6896.63
1,ZW-M890P,ld.global.ca,4,39,512,312,8,4,200,199,638976,2555904,1022361600,0.11257,0.11196,0.1187,9082.01,8458.28
1,ZW-M890P,ld.global.ca,4,39,1024,312,8,4,200,199,1277952,5111808,2044723200,0.21998,0.21924,0.22639,9295.04,8656.68
1,ZW-M890P,ld.global.ca,8,39,128,312,8,8,200,199,319488,1277952,511180800,0.09669,0.09517,0.09977,5286.8,4923.72
1,ZW-M890P,ld.global.ca,8,39,256,312,8,8,200,199,638976,2555904,1022361600,0.24772,0.24435,0.2507,4127.09,3843.65
1,ZW-M890P,ld.global.ca,8,39,512,312,8,8,200,199,1277952,5111808,2044723200,0.45688,0.40453,0.53783,4475.41,4168.05
1,ZW-M890P,ld.global.ca,8,39,1024,312,8,8,200,199,2555904,10223616,4089446400,0.85403,0.74525,0.97544,4788.41,4459.55
1,ZW-M890P,ld.global.cg,1,39,128,624,16,1,200,199,79872,319488,127795200,0.08686,0.08633,0.09007,1471.28,1370.23
1,ZW-M890P,ld.global.cg,1,39,256,624,16,1,200,199,159744,638976,255590400,0.16896,0.16684,0.17551,1512.73,1408.84
1,ZW-M890P,ld.global.cg,1,39,512,624,16,1,200,199,319488,1277952,511180800,0.32313,0.32207,0.32487,1581.97,1473.32
1,ZW-M890P,ld.global.cg,1,39,1024,624,16,1,200,199,638976,2555904,1022361600,0.6626,0.66022,0.66555,1542.95,1436.99
1,ZW-M890P,ld.global.cg,2,39,128,624,16,2,200,199,159744,638976,255590400,0.12219,0.12124,0.12738,2091.75,1948.09
1,ZW-M890P,ld.global.cg,2,39,256,624,16,2,200,199,319488,1277952,511180800,0.23716,0.23507,0.24061,2155.43,2007.4
1,ZW-M890P,ld.global.cg,2,39,512,624,16,2,200,199,638976,2555904,1022361600,0.46751,0.46389,0.47273,2186.82,2036.64
1,ZW-M890P,ld.global.cg,2,39,1024,624,16,2,200,199,1277952,5111808,2044723200,0.95284,0.94349,0.958,2145.93,1998.55
1,ZW-M890P,ld.global.cg,4,39,128,624,16,4,200,199,319488,1277952,511180800,0.24956,0.23817,0.25633,2048.33,1907.65
1,ZW-M890P,ld.global.cg,4,39,256,624,16,4,200,199,638976,2555904,1022361600,0.48458,0.46124,0.50319,2109.79,1964.89
1,ZW-M890P,ld.global.cg,4,39,512,624,16,4,200,199,1277952,5111808,2044723200,0.92985,0.91688,0.95778,2198.98,2047.96
1,ZW-M890P,ld.global.cg,4,39,1024,624,16,4,200,199,2555904,10223616,4089446400,1.84868,1.83115,1.87123,2212.09,2060.17
1,ZW-M890P,ld.global.cg,8,39,128,624,16,8,200,199,638976,2555904,1022361600,0.46827,0.45798,0.47982,2183.27,2033.33
1,ZW-M890P,ld.global.cg,8,39,256,624,16,8,200,199,1277952,5111808,2044723200,0.93996,0.90887,0.95888,2175.33,2025.93
1,ZW-M890P,ld.global.cg,8,39,512,624,16,8,200,199,2555904,10223616,4089446400,1.86268,1.80545,1.88258,2195.46,2044.68
1,ZW-M890P,ld.global.cg,8,39,1024,624,16,8,200,199,5111808,20447232,8178892800,3.72506,3.6845,3.75736,2195.64,2044.85
1,ZW-M890P,ld.global.ca,1,39,128,624,16,1,200,199,79872,319488,127795200,0.04322,0.04246,0.04742,2956.85,2753.78
1,ZW-M890P,ld.global.ca,1,39,256,624,16,1,200,199,159744,638976,255590400,0.08207,0.08155,0.08425,3114.3,2900.42
1,ZW-M890P,ld.global.ca,1,39,512,624,16,1,200,199,319488,1277952,511180800,0.15948,0.15892,0.16457,3205.3,2985.17
1,ZW-M890P,ld.global.ca,1,39,1024,624,16,1,200,199,638976,2555904,1022361600,0.31578,0.31472,0.32257,3237.58,3015.23
1,ZW-M890P,ld.global.ca,2,39,128,624,16,2,200,199,159744,638976,255590400,0.0567,0.05625,0.05968,4507.77,4198.19
1,ZW-M890P,ld.global.ca,2,39,256,624,16,2,200,199,319488,1277952,511180800,0.10826,0.10784,0.11552,4721.79,4397.51
1,ZW-M890P,ld.global.ca,2,39,512,624,16,2,200,199,638976,2555904,1022361600,0.21104,0.21062,0.21509,4844.4,4511.7
1,ZW-M890P,ld.global.ca,2,39,1024,624,16,2,200,199,1277952,5111808,2044723200,0.41719,0.4166,0.42585,4901.18,4564.58
1,ZW-M890P,ld.global.ca,4,39,128,624,16,4,200,199,319488,1277952,511180800,0.07011,0.06967,0.07407,7291.13,6790.39
1,ZW-M890P,ld.global.ca,4,39,256,624,16,4,200,199,638976,2555904,1022361600,0.11274,0.11235,0.11375,9068.31,8445.52
1,ZW-M890P,ld.global.ca,4,39,512,624,16,4,200,199,1277952,5111808,2044723200,0.21946,0.21902,0.22512,9317.07,8677.19
1,ZW-M890P,ld.global.ca,4,39,1024,624,16,4,200,199,2555904,10223616,4089446400,0.43439,0.43381,0.4357,9414.23,8767.68
1,ZW-M890P,ld.global.ca,8,39,128,624,16,8,200,199,638976,2555904,1022361600,0.21735,0.21405,0.22049,4703.76,4380.72
1,ZW-M890P,ld.global.ca,8,39,256,624,16,8,200,199,1277952,5111808,2044723200,0.44929,0.40708,0.51846,4551.01,4238.46
1,ZW-M890P,ld.global.ca,8,39,512,624,16,8,200,199,2555904,10223616,4089446400,0.84723,0.76656,0.94687,4826.84,4495.35
1,ZW-M890P,ld.global.ca,8,39,1024,624,16,8,200,199,5111808,20447232,8178892800,1.65304,1.46658,1.82803,4947.79,4607.99
2,ZW-M890P,ld.global.cg,1,39,128,39,1,52,200,199,259584,1038336,415334400,0.90605,0.90464,0.91194,458.401,426.919
2,ZW-M890P,ld.global.cg,1,39,256,39,1,26,200,199,259584,1038336,415334400,0.50263,0.50205,0.50366,826.322,769.573
2,ZW-M890P,ld.global.cg,1,39,512,39,1,13,200,199,259584,1038336,415334400,0.29737,0.29582,0.30102,1396.69,1300.77
2,ZW-M890P,ld.global.cg,1,39,1024,39,1,6,200,199,239616,958464,383385600,0.18051,0.17917,0.1824,2123.9,1978.04
2,ZW-M890P,ld.global.cg,2,39,128,39,1,52,200,199,259584,1038336,415334400,0.94958,0.94886,0.95629,437.387,407.349
2,ZW-M890P,ld.global.cg,2,39,256,39,1,26,200,199,259584,1038336,415334400,0.51517,0.51425,0.51974,806.208,750.84
2,ZW-M890P,ld.global.cg,2,39,512,39,1,12,200,199,239616,958464,383385600,0.24428,0.24257,0.24537,1569.45,1461.67
2,ZW-M890P,ld.global.cg,2,39,1024,39,1,6,200,199,239616,958464,383385600,0.18186,0.18059,0.18362,2108.14,1963.35
2,ZW-M890P,ld.global.cg,4,39,128,39,1,52,200,199,259584,1038336,415334400,0.90589,0.90463,0.90942,458.482,426.995
2,ZW-M890P,ld.global.cg,4,39,256,39,1,24,200,199,239616,958464,383385600,0.42636,0.42591,0.43189,899.206,837.451
2,ZW-M890P,ld.global.cg,4,39,512,39,1,12,200,199,239616,958464,383385600,0.22795,0.2267,0.22972,1681.88,1566.38
2,ZW-M890P,ld.global.cg,4,39,1024,39,1,4,200,199,159744,638976,255590400,0.12136,0.1203,0.12387,2106.05,1961.41
2,ZW-M890P,ld.global.cg,8,39,128,39,1,48,200,199,239616,958464,383385600,0.49481,0.4936,0.49739,774.814,721.602
2,ZW-M890P,ld.global.cg,8,39,256,39,1,24,200,199,239616,958464,383385600,0.26176,0.26081,0.2666,1464.65,1364.06
2,ZW-M890P,ld.global.cg,8,39,512,39,1,8,200,199,159744,638976,255590400,0.1242,0.1223,0.12828,2057.89,1916.56
2,ZW-M890P,ld.global.cg,8,39,1024,39,1,8,200,199,319488,1277952,511180800,0.23609,0.23071,0.24224,2165.19,2016.49
2,ZW-M890P,ld.global.ca,1,39,128,39,1,52,200,199,259584,1038336,415334400,0.28872,0.28843,0.29419,1438.54,1339.74
2,ZW-M890P,ld.global.ca,1,39,256,39,1,26,200,199,259584,1038336,415334400,0.16537,0.16499,0.16679,2511.55,2339.06
2,ZW-M890P,ld.global.ca,1,39,512,39,1,13,200,199,259584,1038336,415334400,0.10479,0.10405,0.10995,3963.49,3691.29
2,ZW-M890P,ld.global.ca,1,39,1024,39,1,6,200,199,239616,958464,383385600,0.06814,0.06753,0.07369,5626.44,5240.03
2,ZW-M890P,ld.global.ca,2,39,128,39,1,52,200,199,259584,1038336,415334400,0.33096,0.33009,0.33444,1254.94,1168.75
2,ZW-M890P,ld.global.ca,2,39,256,39,1,26,200,199,259584,1038336,415334400,0.18034,0.18003,0.18145,2303.06,2144.89
2,ZW-M890P,ld.global.ca,2,39,512,39,1,12,200,199,239616,958464,383385600,0.09721,0.0964,0.0993,3943.89,3673.03
2,ZW-M890P,ld.global.ca,2,39,1024,39,1,6,200,199,239616,958464,383385600,0.07277,0.07174,0.0766,5268.46,4906.63
2,ZW-M890P,ld.global.ca,4,39,128,39,1,52,200,199,259584,1038336,415334400,0.28693,0.28644,0.29081,1447.51,1348.1
2,ZW-M890P,ld.global.ca,4,39,256,39,1,24,200,199,239616,958464,383385600,0.13888,0.13861,0.14023,2760.55,2570.97
2,ZW-M890P,ld.global.ca,4,39,512,39,1,12,200,199,239616,958464,383385600,0.08414,0.08365,0.08773,4556.52,4243.59
2,ZW-M890P,ld.global.ca,4,39,1024,39,1,4,200,199,159744,638976,255590400,0.03913,0.03795,0.04078,6531.83,6083.24
2,ZW-M890P,ld.global.ca,8,39,128,39,1,48,200,199,239616,958464,383385600,0.20569,0.2054,0.20956,1863.9,1735.89
2,ZW-M890P,ld.global.ca,8,39,256,39,1,24,200,199,239616,958464,383385600,0.13001,0.12946,0.1313,2948.89,2746.37
2,ZW-M890P,ld.global.ca,8,39,512,39,1,8,200,199,159744,638976,255590400,0.06529,0.06464,0.07151,3914.69,3645.84
2,ZW-M890P,ld.global.ca,8,39,1024,39,1,8,200,199,319488,1277952,511180800,0.08549,0.08438,0.08758,5979.42,5568.77
2,ZW-M890P,ld.global.cg,1,39,128,78,2,26,200,199,259584,1038336,415334400,0.50229,0.50142,0.50468,826.882,770.094
2,ZW-M890P,ld.global.cg,1,39,256,78,2,13,200,199,259584,1038336,415334400,0.29234,0.29173,0.29644,1420.72,1323.15
2,ZW-M890P,ld.global.cg,1,39,512,78,2,6,200,199,239616,958464,383385600,0.18054,0.1784,0.18323,2123.55,1977.71
2,ZW-M890P,ld.global.cg,1,39,1024,78,2,3,200,199,239616,958464,383385600,0.18027,0.17842,0.18321,2126.73,1980.67
2,ZW-M890P,ld.global.cg,2,39,128,78,2,26,200,199,259584,1038336,415334400,0.51393,0.51321,0.5169,808.154,752.652
2,ZW-M890P,ld.global.cg,2,39,256,78,2,12,200,199,239616,958464,383385600,0.24167,0.24064,0.24561,1586.4,1477.45
2,ZW-M890P,ld.global.cg,2,39,512,78,2,6,200,199,239616,958464,383385600,0.18209,0.18033,0.18448,2105.47,1960.87
2,ZW-M890P,ld.global.cg,2,39,1024,78,2,2,200,199,159744,638976,255590400,0.12145,0.12024,0.12517,2104.49,1959.96
2,ZW-M890P,ld.global.cg,4,39,128,78,2,24,200,199,239616,958464,383385600,0.42782,0.42738,0.43263,896.138,834.593
2,ZW-M890P,ld.global.cg,4,39,256,78,2,12,200,199,239616,958464,383385600,0.22613,0.22472,0.22879,1695.42,1578.98
2,ZW-M890P,ld.global.cg,4,39,512,78,2,4,200,199,159744,638976,255590400,0.12141,0.11964,0.12861,2105.18,1960.61
2,ZW-M890P,ld.global.cg,4,39,1024,78,2,4,200,199,319488,1277952,511180800,0.24036,0.23118,0.24655,2126.73,1980.67
2,ZW-M890P,ld.global.cg,8,39,128,78,2,24,200,199,239616,958464,383385600,0.26086,0.25905,0.26748,1469.7,1368.76
2,ZW-M890P,ld.global.cg,8,39,256,78,2,8,200,199,159744,638976,255590400,0.12154,0.12027,0.12397,2102.93,1958.51
2,ZW-M890P,ld.global.cg,8,39,512,78,2,8,200,199,319488,1277952,511180800,0.24226,0.23445,0.25124,2110.05,1965.14
2,ZW-M890P,ld.global.cg,8,39,1024,78,2,8,200,199,638976,2555904,1022361600,0.46994,0.45723,0.47922,2175.52,2026.11
2,ZW-M890P,ld.global.ca,1,39,128,78,2,26,200,199,259584,1038336,415334400,0.17743,0.177,0.18043,2340.84,2180.07
2,ZW-M890P,ld.global.ca,1,39,256,78,2,13,200,199,259584,1038336,415334400,0.10985,0.10744,0.11539,3780.92,3521.26
2,ZW-M890P,ld.global.ca,1,39,512,78,2,6,200,199,239616,958464,383385600,0.06809,0.06746,0.06966,5630.57,5243.88
2,ZW-M890P,ld.global.ca,1,39,1024,78,2,3,200,199,239616,958464,383385600,0.08163,0.08131,0.08791,4696.63,4374.07
2,ZW-M890P,ld.global.ca,2,39,128,78,2,26,200,199,259584,1038336,415334400,0.19203,0.19133,0.1952,2162.86,2014.32
2,ZW-M890P,ld.global.ca,2,39,256,78,2,12,200,199,239616,958464,383385600,0.09708,0.09628,0.09955,3949.17,3677.95
2,ZW-M890P,ld.global.ca,2,39,512,78,2,6,200,199,239616,958464,383385600,0.07272,0.07241,0.07803,5272.08,4910.01
2,ZW-M890P,ld.global.ca,2,39,1024,78,2,2,200,199,159744,638976,255590400,0.05673,0.05615,0.05788,4505.38,4195.97
2,ZW-M890P,ld.global.ca,4,39,128,78,2,24,200,199,239616,958464,383385600,0.13889,0.13839,0.14254,2760.35,2570.78
2,ZW-M890P,ld.global.ca,4,39,256,78,2,12,200,199,239616,958464,383385600,0.08392,0.08316,0.08567,4568.47,4254.71
2,ZW-M890P,ld.global.ca,4,39,512,78,2,4,200,199,159744,638976,255590400,0.03876,0.03811,0.04008,6594.18,6141.31
2,ZW-M890P,ld.global.ca,4,39,1024,78,2,4,200,199,319488,1277952,511180800,0.05919,0.05885,0.06034,8636.27,8043.15
2,ZW-M890P,ld.global.ca,8,39,128,78,2,24,200,199,239616,958464,383385600,0.12981,0.12917,0.1328,2953.44,2750.6
2,ZW-M890P,ld.global.ca,8,39,256,78,2,8,200,199,159744,638976,255590400,0.0654,0.06487,0.07374,3908.11,3639.71
2,ZW-M890P,ld.global.ca,8,39,512,78,2,8,200,199,319488,1277952,511180800,0.08552,0.08449,0.09133,5977.32,5566.82
2,ZW-M890P,ld.global.ca,8,39,1024,78,2,8,200,199,638976,2555904,1022361600,0.24637,0.24348,0.24944,4149.7,3864.71
2,ZW-M890P,ld.global.cg,1,39,128,156,4,13,200,199,259584,1038336,415334400,0.29461,0.29405,0.29857,1409.78,1312.96
2,ZW-M890P,ld.global.cg,1,39,256,156,4,6,200,199,239616,958464,383385600,0.18025,0.17852,0.18307,2126.97,1980.89
2,ZW-M890P,ld.global.cg,1,39,512,156,4,3,200,199,239616,958464,383385600,0.18543,0.18099,0.18984,2067.55,1925.55
2,ZW-M890P,ld.global.cg,1,39,1024,156,4,1,200,199,159744,638976,255590400,0.16849,0.16634,0.17055,1516.95,1412.77
2,ZW-M890P,ld.global.cg,2,39,128,156,4,12,200,199,239616,958464,383385600,0.24322,0.24254,0.24887,1576.29,1468.04
2,ZW-M890P,ld.global.cg,2,39,256,156,4,6,200,199,239616,958464,383385600,0.18125,0.1796,0.18367,2115.23,1969.96
2,ZW-M890P,ld.global.cg,2,39,512,156,4,2,200,199,159744,638976,255590400,0.12312,0.12225,0.12465,2075.95,1933.37
2,ZW-M890P,ld.global.cg,2,39,1024,156,4,2,200,199,319488,1277952,511180800,0.25504,0.25192,0.25779,2004.32,1866.66
2,ZW-M890P,ld.global.cg,4,39,128,156,4,12,200,199,239616,958464,383385600,0.22613,0.22516,0.23053,1695.42,1578.98
2,ZW-M890P,ld.global.cg,4,39,256,156,4,4,200,199,159744,638976,255590400,0.12155,0.12027,0.12457,2102.76,1958.35
2,ZW-M890P,ld.global.cg,4,39,512,156,4,4,200,199,319488,1277952,511180800,0.24927,0.24286,0.25481,2050.71,1909.87
2,ZW-M890P,ld.global.cg,4,39,1024,156,4,4,200,199,638976,2555904,1022361600,0.48811,0.4758,0.51325,2094.53,1950.68
2,ZW-M890P,ld.global.cg,8,39,128,156,4,8,200,199,159744,638976,255590400,0.12329,0.12147,0.12584,2073.08,1930.71
2,ZW-M890P,ld.global.cg,8,39,256,156,4,8,200,199,319488,1277952,511180800,0.23494,0.2302,0.24413,2175.79,2026.37
2,ZW-M890P,ld.global.cg,8,39,512,156,4,8,200,199,638976,2555904,1022361600,0.47729,0.45761,0.48321,2142.01,1994.91
2,ZW-M890P,ld.global.cg,8,39,1024,156,4,8,200,199,1277952,5111808,2044723200,0.92721,0.90415,0.94606,2205.24,2053.79
2,ZW-M890P,ld.global.ca,1,39,128,156,4,13,200,199,259584,1038336,415334400,0.10812,0.10645,0.11242,3841.42,3577.6
2,ZW-M890P,ld.global.ca,1,39,256,156,4,6,200,199,239616,958464,383385600,0.07245,0.07185,0.07436,5291.73,4928.3
2,ZW-M890P,ld.global.ca,1,39,512,156,4,3,200,199,239616,958464,383385600,0.08358,0.08301,0.08475,4587.05,4272.02
2,ZW-M890P,ld.global.ca,1,39,1024,156,4,1,200,199,159744,638976,255590400,0.0825,0.08205,0.0892,3098.07,2885.3
2,ZW-M890P,ld.global.ca,2,39,128,156,4,12,200,199,239616,958464,383385600,0.10346,0.10306,0.10768,3705.64,3451.15
2,ZW-M890P,ld.global.ca,2,39,256,156,4,6,200,199,239616,958464,383385600,0.08068,0.0799,0.08233,4751.93,4425.58
2,ZW-M890P,ld.global.ca,2,39,512,156,4,2,200,199,159744,638976,255590400,0.05664,0.05621,0.058,4512.54,4202.63
2,ZW-M890P,ld.global.ca,2,39,1024,156,4,2,200,199,319488,1277952,511180800,0.10824,0.10783,0.10973,4722.66,4398.32
2,ZW-M890P,ld.global.ca,4,39,128,156,4,12,200,199,239616,958464,383385600,0.0871,0.08633,0.0938,4401.67,4099.38
2,ZW-M890P,ld.global.ca,4,39,256,156,4,4,200,199,159744,638976,255590400,0.03877,0.03806,0.04048,6592.48,6139.72
2,ZW-M890P,ld.global.ca,4,39,512,156,4,4,200,199,319488,1277952,511180800,0.05915,0.05872,0.06434,8642.11,8048.59
2,ZW-M890P,ld.global.ca,4,39,1024,156,4,4,200,199,638976,2555904,1022361600,0.11278,0.11231,0.11416,9065.1,8442.53
2,ZW-M890P,ld.global.ca,8,39,128,156,4,8,200,199,159744,638976,255590400,0.06521,0.06469,0.06878,3919.5,3650.32
2,ZW-M890P,ld.global.ca,8,39,256,156,4,8,200,199,319488,1277952,511180800,0.08541,0.08435,0.08788,5985.02,5573.99
2,ZW-M890P,ld.global.ca,8,39,512,156,4,8,200,199,638976,2555904,1022361600,0.29641,0.29241,0.30012,3449.15,3212.27
2,ZW-M890P,ld.global.ca,8,39,1024,156,4,8,200,199,1277952,5111808,2044723200,0.45846,0.3857,0.57469,4459.98,4153.68
2,ZW-M890P,ld.global.cg,1,39,128,312,8,6,200,199,239616,958464,383385600,0.18312,0.17953,0.18819,2093.63,1949.85
2,ZW-M890P,ld.global.cg,1,39,256,312,8,3,200,199,239616,958464,383385600,0.18581,0.18316,0.19301,2063.32,1921.62
2,ZW-M890P,ld.global.cg,1,39,512,312,8,1,200,199,159744,638976,255590400,0.16821,0.16629,0.17057,1519.47,1415.12
2,ZW-M890P,ld.global.cg,1,39,1024,312,8,1,200,199,319488,1277952,511180800,0.33521,0.33379,0.33749,1524.96,1420.23
2,ZW-M890P,ld.global.cg,2,39,128,312,8,6,200,199,239616,958464,383385600,0.18392,0.18021,0.19008,2084.52,1941.36
2,ZW-M890P,ld.global.cg,2,39,256,312,8,2,200,199,159744,638976,255590400,0.12266,0.12187,0.1295,2083.73,1940.63
2,ZW-M890P,ld.global.cg,2,39,512,312,8,2,200,199,319488,1277952,511180800,0.25479,0.25238,0.25695,2006.28,1868.5
2,ZW-M890P,ld.global.cg,2,39,1024,312,8,2,200,199,638976,2555904,1022361600,0.46635,0.46414,0.47026,2192.26,2041.7
2,ZW-M890P,ld.global.cg,4,39,128,312,8,4,200,199,159744,638976,255590400,0.12166,0.12027,0.12595,2100.86,1956.58
2,ZW-M890P,ld.global.cg,4,39,256,312,8,4,200,199,319488,1277952,511180800,0.23895,0.23146,0.24547,2139.28,1992.36
2,ZW-M890P,ld.global.cg,4,39,512,312,8,4,200,199,638976,2555904,1022361600,0.4861,0.46299,0.49426,2103.19,1958.75
2,ZW-M890P,ld.global.cg,4,39,1024,312,8,4,200,199,1277952,5111808,2044723200,0.94722,0.9349,0.97324,2158.66,2010.41
2,ZW-M890P,ld.global.cg,8,39,128,312,8,8,200,199,319488,1277952,511180800,0.23261,0.2297,0.25765,2197.59,2046.66
2,ZW-M890P,ld.global.cg,8,39,256,312,8,8,200,199,638976,2555904,1022361600,0.46935,0.45827,0.48202,2178.25,2028.65
2,ZW-M890P,ld.global.cg,8,39,512,312,8,8,200,199,1277952,5111808,2044723200,0.9347,0.90858,0.94775,2187.57,2037.33
2,ZW-M890P,ld.global.cg,8,39,1024,312,8,8,200,199,2555904,10223616,4089446400,1.85861,1.80787,1.88103,2200.27,2049.16
2,ZW-M890P,ld.global.ca,1,39,128,312,8,6,200,199,239616,958464,383385600,0.07621,0.07534,0.07902,5030.65,4685.16
2,ZW-M890P,ld.global.ca,1,39,256,312,8,3,200,199,239616,958464,383385600,0.08218,0.08175,0.08347,4665.19,4344.8
2,ZW-M890P,ld.global.ca,1,39,512,312,8,1,200,199,159744,638976,255590400,0.08206,0.08157,0.08334,3114.68,2900.77
2,ZW-M890P,ld.global.ca,1,39,1024,312,8,1,200,199,319488,1277952,511180800,0.15987,0.15932,0.1615,3197.48,2977.88
2,ZW-M890P,ld.global.ca,2,39,128,312,8,6,200,199,239616,958464,383385600,0.07681,0.07614,0.0816,4991.35,4648.56
2,ZW-M890P,ld.global.ca,2,39,256,312,8,2,200,199,159744,638976,255590400,0.05666,0.05618,0.05793,4510.95,4201.15
2,ZW-M890P,ld.global.ca,2,39,512,312,8,2,200,199,319488,1277952,511180800,0.10817,0.10771,0.11085,4725.72,4401.17
2,ZW-M890P,ld.global.ca,2,39,1024,312,8,2,200,199,638976,2555904,1022361600,0.21157,0.21112,0.21843,4832.26,4500.39
2,ZW-M890P,ld.global.ca,4,39,128,312,8,4,200,199,159744,638976,255590400,0.03858,0.03777,0.04206,6624.95,6169.96
2,ZW-M890P,ld.global.ca,4,39,256,312,8,4,200,199,319488,1277952,511180800,0.06895,0.06808,0.07605,7413.79,6904.63
2,ZW-M890P,ld.global.ca,4,39,512,312,8,4,200,199,638976,2555904,1022361600,0.11245,0.11195,0.11395,9091.7,8467.3
2,ZW-M890P,ld.global.ca,4,39,1024,312,8,4,200,199,1277952,5111808,2044723200,0.21982,0.21929,0.22411,9301.81,8662.98
2,ZW-M890P,ld.global.ca,8,39,128,312,8,8,200,199,319488,1277952,511180800,0.09634,0.09412,0.10356,5306.01,4941.6
2,ZW-M890P,ld.global.ca,8,39,256,312,8,8,200,199,638976,2555904,1022361600,0.23487,0.23002,0.23919,4352.88,4053.94
2,ZW-M890P,ld.global.ca,8,39,512,312,8,8,200,199,1277952,5111808,2044723200,0.49715,0.45388,0.5781,4112.89,3830.43
2,ZW-M890P,ld.global.ca,8,39,1024,312,8,8,200,199,2555904,10223616,4089446400,0.84606,0.76095,1.0051,4833.52,4501.56
2,ZW-M890P,ld.global.cg,1,39,128,624,16,3,200,199,239616,958464,383385600,0.18107,0.17901,0.18825,2117.33,1971.92
2,ZW-M890P,ld.global.cg,1,39,256,624,16,1,200,199,159744,638976,255590400,0.16872,0.16677,0.17052,1514.88,1410.84
2,ZW-M890P,ld.global.cg,1,39,512,624,16,1,200,199,319488,1277952,511180800,0.32291,0.32144,0.32497,1583.04,1474.32
2,ZW-M890P,ld.global.cg,1,39,1024,624,16,1,200,199,638976,2555904,1022361600,0.66207,0.66036,0.66409,1544.19,1438.14
2,ZW-M890P,ld.global.cg,2,39,128,624,16,2,200,199,159744,638976,255590400,0.12165,0.12078,0.12556,2101.03,1956.74
2,ZW-M890P,ld.global.cg,2,39,256,624,16,2,200,199,319488,1277952,511180800,0.23718,0.2343,0.24165,2155.24,2007.23
2,ZW-M890P,ld.global.cg,2,39,512,624,16,2,200,199,638976,2555904,1022361600,0.46748,0.46499,0.47202,2186.96,2036.77
2,ZW-M890P,ld.global.cg,2,39,1024,624,16,2,200,199,1277952,5111808,2044723200,0.95168,0.94153,0.95792,2148.54,2000.98
2,ZW-M890P,ld.global.cg,4,39,128,624,16,4,200,199,319488,1277952,511180800,0.25027,0.2367,0.25715,2042.52,1902.24
2,ZW-M890P,ld.global.cg,4,39,256,624,16,4,200,199,638976,2555904,1022361600,0.48623,0.46594,0.5007,2102.63,1958.23
2,ZW-M890P,ld.global.cg,4,39,512,624,16,4,200,199,1277952,5111808,2044723200,0.92927,0.91611,0.96531,2200.35,2049.24
2,ZW-M890P,ld.global.cg,4,39,1024,624,16,4,200,199,2555904,10223616,4089446400,1.84833,1.83429,1.86481,2212.51,2060.56
2,ZW-M890P,ld.global.cg,8,39,128,624,16,8,200,199,638976,2555904,1022361600,0.46816,0.45822,0.48132,2183.79,2033.81
2,ZW-M890P,ld.global.cg,8,39,256,624,16,8,200,199,1277952,5111808,2044723200,0.93878,0.91185,0.95454,2178.06,2028.48
2,ZW-M890P,ld.global.cg,8,39,512,624,16,8,200,199,2555904,10223616,4089446400,1.86532,1.82133,1.8813,2192.36,2041.79
2,ZW-M890P,ld.global.cg,8,39,1024,624,16,8,200,199,5111808,20447232,8178892800,3.72755,3.67429,3.75668,2194.17,2043.48
2,ZW-M890P,ld.global.ca,1,39,128,624,16,3,200,199,239616,958464,383385600,0.08428,0.08378,0.08743,4548.95,4236.54
2,ZW-M890P,ld.global.ca,1,39,256,624,16,1,200,199,159744,638976,255590400,0.08203,0.08136,0.08362,3115.82,2901.83
2,ZW-M890P,ld.global.ca,1,39,512,624,16,1,200,199,319488,1277952,511180800,0.15954,0.15898,0.16097,3204.09,2984.04
2,ZW-M890P,ld.global.ca,1,39,1024,624,16,1,200,199,638976,2555904,1022361600,0.31591,0.31521,0.31938,3236.24,3013.99
2,ZW-M890P,ld.global.ca,2,39,128,624,16,2,200,199,159744,638976,255590400,0.05659,0.05619,0.05952,4516.53,4206.35
2,ZW-M890P,ld.global.ca,2,39,256,624,16,2,200,199,319488,1277952,511180800,0.10821,0.10781,0.11373,4723.97,4399.54
2,ZW-M890P,ld.global.ca,2,39,512,624,16,2,200,199,638976,2555904,1022361600,0.21109,0.21063,0.21718,4843.25,4510.63
2,ZW-M890P,ld.global.ca,2,39,1024,624,16,2,200,199,1277952,5111808,2044723200,0.41726,0.41662,0.42179,4900.36,4563.81
2,ZW-M890P,ld.global.ca,4,39,128,624,16,4,200,199,319488,1277952,511180800,0.07026,0.06971,0.07336,7275.56,6775.89
2,ZW-M890P,ld.global.ca,4,39,256,624,16,4,200,199,638976,2555904,1022361600,0.11241,0.11192,0.11529,9094.93,8470.32
2,ZW-M890P,ld.global.ca,4,39,512,624,16,4,200,199,1277952,5111808,2044723200,0.2192,0.2186,0.22713,9328.12,8687.49
2,ZW-M890P,ld.global.ca,4,39,1024,624,16,4,200,199,2555904,10223616,4089446400,0.43428,0.43375,0.436,9416.61,8769.9
2,ZW-M890P,ld.global.ca,8,39,128,624,16,8,200,199,638976,2555904,1022361600,0.2169,0.2135,0.22399,4713.52,4389.8
2,ZW-M890P,ld.global.ca,8,39,256,624,16,8,200,199,1277952,5111808,2044723200,0.44604,0.40064,0.5271,4584.17,4269.34
2,ZW-M890P,ld.global.ca,8,39,512,624,16,8,200,199,2555904,10223616,4089446400,0.84574,0.7631,0.96463,4835.35,4503.27
2,ZW-M890P,ld.global.ca,8,39,1024,624,16,8,200,199,5111808,20447232,8178892800,1.66458,1.52557,1.80793,4913.49,4576.04
4,ZW-M890P,ld.global.cg,1,39,128,39,1,105,200,199,524160,2096640,838656000,1.88835,1.88747,1.89118,444.121,413.62
4,ZW-M890P,ld.global.cg,1,39,256,39,1,52,200,199,519168,2076672,830668800,0.91609,0.91459,0.92443,906.755,844.481
4,ZW-M890P,ld.global.cg,1,39,512,39,1,26,200,199,519168,2076672,830668800,0.5177,0.51627,0.51994,1604.54,1494.34
4,ZW-M890P,ld.global.cg,1,39,1024,39,1,13,200,199,519168,2076672,830668800,0.3966,0.39044,0.40753,2094.47,1950.63
4,ZW-M890P,ld.global.cg,2,39,128,39,1,104,200,199,519168,2076672,830668800,1.83928,1.83866,1.8445,451.627,420.611
4,ZW-M890P,ld.global.cg,2,39,256,39,1,52,200,199,519168,2076672,830668800,0.94839,0.94758,0.95631,875.873,815.72
4,ZW-M890P,ld.global.cg,2,39,512,39,1,26,200,199,519168,2076672,830668800,0.51657,0.51539,0.52322,1608.05,1497.61
4,ZW-M890P,ld.global.cg,2,39,1024,39,1,12,200,199,479232,1916928,766771200,0.35134,0.3483,0.35712,2182.42,2032.54
4,ZW-M890P,ld.global.cg,4,39,128,39,1,104,200,199,519168,2076672,830668800,1.7998,1.79911,1.80576,461.534,429.837
4,ZW-M890P,ld.global.cg,4,39,256,39,1,52,200,199,519168,2076672,830668800,0.91356,0.91228,0.92108,909.266,846.82
4,ZW-M890P,ld.global.cg,4,39,512,39,1,24,200,199,479232,1916928,766771200,0.37272,0.37171,0.37863,2057.23,1915.95
4,ZW-M890P,ld.global.cg,4,39,1024,39,1,12,200,199,479232,1916928,766771200,0.35022,0.34672,0.35567,2189.4,2039.04
4,ZW-M890P,ld.global.cg,8,39,128,39,1,104,200,199,519168,2076672,830668800,1.06483,1.06346,1.06858,780.095,726.52
4,ZW-M890P,ld.global.cg,8,39,256,39,1,48,200,199,479232,1916928,766771200,0.50619,0.50493,0.51148,1514.79,1410.76
4,ZW-M890P,ld.global.cg,8,39,512,39,1,24,200,199,479232,1916928,766771200,0.35117,0.34798,0.35662,2183.48,2033.52
4,ZW-M890P,ld.global.cg,8,39,1024,39,1,8,200,199,319488,1277952,511180800,0.23398,0.23095,0.24178,2184.72,2034.68
4,ZW-M890P,ld.global.ca,1,39,128,39,1,105,200,199,524160,2096640,838656000,1.23828,1.23112,1.26372,677.275,630.761
4,ZW-M890P,ld.global.ca,1,39,256,39,1,52,200,199,519168,2076672,830668800,0.64848,0.64441,0.65418,1280.95,1192.98
4,ZW-M890P,ld.global.ca,1,39,512,39,1,26,200,199,519168,2076672,830668800,0.36645,0.36221,0.37119,2266.8,2111.12
4,ZW-M890P,ld.global.ca,1,39,1024,39,1,13,200,199,519168,2076672,830668800,0.20562,0.2034,0.21408,4039.82,3762.38
4,ZW-M890P,ld.global.ca,2,39,128,39,1,104,200,199,519168,2076672,830668800,1.17313,1.16847,1.18043,708.079,659.45
4,ZW-M890P,ld.global.ca,2,39,256,39,1,52,200,199,519168,2076672,830668800,0.60479,0.60207,0.60854,1373.48,1279.16
4,ZW-M890P,ld.global.ca,2,39,512,39,1,26,200,199,519168,2076672,830668800,0.33569,0.33379,0.34035,2474.51,2304.57
4,ZW-M890P,ld.global.ca,2,39,1024,39,1,12,200,199,479232,1916928,766771200,0.12196,0.12127,0.30845,6287.07,5855.29
4,ZW-M890P,ld.global.ca,4,39,128,39,1,104,200,199,519168,2076672,830668800,1.28662,1.26948,1.30633,645.621,601.281
4,ZW-M890P,ld.global.ca,4,39,256,39,1,52,200,199,519168,2076672,830668800,0.54332,0.54004,0.54924,1528.88,1423.88
4,ZW-M890P,ld.global.ca,4,39,512,39,1,24,200,199,479232,1916928,766771200,0.18115,0.17985,0.18311,4232.8,3942.1
4,ZW-M890P,ld.global.ca,4,39,1024,39,1,12,200,199,479232,1916928,766771200,0.10693,0.10606,0.10858,7170.78,6678.31
4,ZW-M890P,ld.global.ca,8,39,128,39,1,104,200,199,519168,2076672,830668800,0.73533,0.7316,0.73996,1129.65,1052.07
4,ZW-M890P,ld.global.ca,8,39,256,39,1,48,200,199,479232,1916928,766771200,0.27198,0.27125,0.27351,2819.22,2625.6
4,ZW-M890P,ld.global.ca,8,39,512,39,1,24,200,199,479232,1916928,766771200,0.16605,0.15659,0.17456,4617.71,4300.58
4,ZW-M890P,ld.global.ca,8,39,1024,39,1,8,200,199,319488,1277952,511180800,0.08541,0.08432,0.08752,5985.02,5573.99
4,ZW-M890P,ld.global.cg,1,39,128,78,2,52,200,199,519168,2076672,830668800,0.91556,0.9147,0.92179,907.279,844.97
4,ZW-M890P,ld.global.cg,1,39,256,78,2,26,200,199,519168,2076672,830668800,0.51498,0.51217,0.52043,1613.01,1502.23
4,ZW-M890P,ld.global.cg,1,39,512,78,2,13,200,199,519168,2076672,830668800,0.40077,0.39522,0.40797,2072.68,1930.34
4,ZW-M890P,ld.global.cg,1,39,1024,78,2,6,200,199,479232,1916928,766771200,0.35639,0.34654,0.36313,2151.49,2003.74
4,ZW-M890P,ld.global.cg,2,39,128,78,2,52,200,199,519168,2076672,830668800,0.93891,0.93773,0.9411,884.716,823.956
4,ZW-M890P,ld.global.cg,2,39,256,78,2,26,200,199,519168,2076672,830668800,0.52331,0.52211,0.5248,1587.34,1478.32
4,ZW-M890P,ld.global.cg,2,39,512,78,2,12,200,199,479232,1916928,766771200,0.35082,0.34742,0.35412,2185.65,2035.55
4,ZW-M890P,ld.global.cg,2,39,1024,78,2,6,200,199,479232,1916928,766771200,0.35545,0.34709,0.36238,2157.18,2009.03
4,ZW-M890P,ld.global.cg,4,39,128,78,2,52,200,199,519168,2076672,830668800,0.91234,0.91119,0.92105,910.482,847.952
4,ZW-M890P,ld.global.cg,4,39,256,78,2,24,200,199,479232,1916928,766771200,0.44064,0.43902,0.44534,1740.13,1620.62
4,ZW-M890P,ld.global.cg,4,39,512,78,2,12,200,199,479232,1916928,766771200,0.35025,0.34507,0.35533,2189.21,2038.86
4,ZW-M890P,ld.global.cg,4,39,1024,78,2,4,200,199,319488,1277952,511180800,0.24089,0.23143,0.24619,2122.05,1976.31
4,ZW-M890P,ld.global.cg,8,39,128,78,2,48,200,199,479232,1916928,766771200,0.50729,0.50572,0.51388,1511.5,1407.7
4,ZW-M890P,ld.global.cg,8,39,256,78,2,24,200,199,479232,1916928,766771200,0.35147,0.3481,0.35527,2181.61,2031.78
4,ZW-M890P,ld.global.cg,8,39,512,78,2,8,200,199,319488,1277952,511180800,0.23602,0.23016,0.24584,2165.84,2017.09
4,ZW-M890P,ld.global.cg,8,39,1024,78,2,8,200,199,638976,2555904,1022361600,0.46991,0.45593,0.47866,2175.65,2026.24
4,ZW-M890P,ld.global.ca,1,39,128,78,2,52,200,199,519168,2076672,830668800,0.51085,0.50717,0.51531,1626.05,1514.38
4,ZW-M890P,ld.global.ca,1,39,256,78,2,26,200,199,519168,2076672,830668800,0.32481,0.32177,0.32924,2557.4,2381.76
4,ZW-M890P,ld.global.ca,1,39,512,78,2,13,200,199,519168,2076672,830668800,0.19228,0.19108,0.19779,4320.1,4023.41
4,ZW-M890P,ld.global.ca,1,39,1024,78,2,6,200,199,479232,1916928,766771200,0.12945,0.12849,0.13208,5923.3,5516.5
4,ZW-M890P,ld.global.ca,2,39,128,78,2,52,200,199,519168,2076672,830668800,0.54571,0.5441,0.54857,1522.18,1417.64
4,ZW-M890P,ld.global.ca,2,39,256,78,2,26,200,199,519168,2076672,830668800,0.3375,0.33537,0.34585,2461.24,2292.21
4,ZW-M890P,ld.global.ca,2,39,512,78,2,12,200,199,479232,1916928,766771200,0.1636,0.16281,0.17091,4686.87,4364.98
4,ZW-M890P,ld.global.ca,2,39,1024,78,2,6,200,199,479232,1916928,766771200,0.13825,0.13711,0.14471,5546.27,5165.36
4,ZW-M890P,ld.global.ca,4,39,128,78,2,52,200,199,519168,2076672,830668800,0.48885,0.48817,0.49156,1699.23,1582.53
4,ZW-M890P,ld.global.ca,4,39,256,78,2,24,200,199,479232,1916928,766771200,0.25962,0.24811,0.26323,2953.44,2750.6
4,ZW-M890P,ld.global.ca,4,39,512,78,2,12,200,199,479232,1916928,766771200,0.14124,0.13986,0.14342,5428.85,5056.01
4,ZW-M890P,ld.global.ca,4,39,1024,78,2,4,200,199,319488,1277952,511180800,0.05899,0.05855,0.06032,8665.55,8070.42
4,ZW-M890P,ld.global.ca,8,39,128,78,2,48,200,199,479232,1916928,766771200,0.34467,0.34073,0.34974,2224.65,2071.87
4,ZW-M890P,ld.global.ca,8,39,256,78,2,24,200,199,479232,1916928,766771200,0.19822,0.19385,0.2075,3868.28,3602.62
4,ZW-M890P,ld.global.ca,8,39,512,78,2,8,200,199,319488,1277952,511180800,0.08538,0.0841,0.08787,5987.13,5575.95
4,ZW-M890P,ld.global.ca,8,39,1024,78,2,8,200,199,638976,2555904,1022361600,0.2556,0.25326,0.25942,3999.85,3725.15
4,ZW-M890P,ld.global.cg,1,39,128,156,4,26,200,199,519168,2076672,830668800,0.51177,0.51037,0.51436,1623.13,1511.66
4,ZW-M890P,ld.global.cg,1,39,256,156,4,13,200,199,519168,2076672,830668800,0.39244,0.3886,0.39776,2116.68,1971.31
4,ZW-M890P,ld.global.cg,1,39,512,156,4,6,200,199,479232,1916928,766771200,0.35494,0.34646,0.37071,2160.28,2011.92
4,ZW-M890P,ld.global.cg,1,39,1024,156,4,3,200,199,479232,1916928,766771200,0.37431,0.37107,0.37852,2048.49,1907.81
4,ZW-M890P,ld.global.cg,2,39,128,156,4,26,200,199,519168,2076672,830668800,0.53268,0.53192,0.53702,1559.41,1452.32
4,ZW-M890P,ld.global.cg,2,39,256,156,4,12,200,199,479232,1916928,766771200,0.35132,0.3469,0.35584,2182.54,2032.65
4,ZW-M890P,ld.global.cg,2,39,512,156,4,6,200,199,479232,1916928,766771200,0.35093,0.3459,0.36853,2184.97,2034.91
4,ZW-M890P,ld.global.cg,2,39,1024,156,4,2,200,199,319488,1277952,511180800,0.25493,0.25211,0.25828,2005.18,1867.47
4,ZW-M890P,ld.global.cg,4,39,128,156,4,24,200,199,479232,1916928,766771200,0.4394,0.43776,0.44591,1745.04,1625.2
4,ZW-M890P,ld.global.cg,4,39,256,156,4,12,200,199,479232,1916928,766771200,0.34886,0.34598,0.35265,2197.93,2046.99
4,ZW-M890P,ld.global.cg,4,39,512,156,4,4,200,199,319488,1277952,511180800,0.23912,0.23391,0.24247,2137.76,1990.94
4,ZW-M890P,ld.global.cg,4,39,1024,156,4,4,200,199,638976,2555904,1022361600,0.4868,0.47383,0.51778,2100.17,1955.93
4,ZW-M890P,ld.global.cg,8,39,128,156,4,24,200,199,479232,1916928,766771200,0.35118,0.34814,0.35504,2183.41,2033.46
4,ZW-M890P,ld.global.cg,8,39,256,156,4,8,200,199,319488,1277952,511180800,0.23938,0.23166,0.24686,2135.44,1988.78
4,ZW-M890P,ld.global.cg,8,39,512,156,4,8,200,199,638976,2555904,1022361600,0.47051,0.45367,0.47817,2172.88,2023.65
4,ZW-M890P,ld.global.cg,8,39,1024,156,4,8,200,199,1277952,5111808,2044723200,0.92941,0.90741,0.94794,2200.02,2048.93
4,ZW-M890P,ld.global.ca,1,39,128,156,4,26,200,199,519168,2076672,830668800,0.29263,0.29207,0.29674,2838.63,2643.68
4,ZW-M890P,ld.global.ca,1,39,256,156,4,13,200,199,519168,2076672,830668800,0.18156,0.18037,0.18337,4575.18,4260.96
4,ZW-M890P,ld.global.ca,1,39,512,156,4,6,200,199,479232,1916928,766771200,0.13836,0.13693,0.14237,5541.86,5161.26
4,ZW-M890P,ld.global.ca,1,39,1024,156,4,3,200,199,479232,1916928,766771200,0.15821,0.15778,0.16156,4846.54,4513.69
4,ZW-M890P,ld.global.ca,2,39,128,156,4,26,200,199,519168,2076672,830668800,0.31406,0.31327,0.31631,2644.94,2463.29
4,ZW-M890P,ld.global.ca,2,39,256,156,4,12,200,199,479232,1916928,766771200,0.17294,0.17121,0.17503,4433.74,4129.24
4,ZW-M890P,ld.global.ca,2,39,512,156,4,6,200,199,479232,1916928,766771200,0.14277,0.14142,0.14487,5370.67,5001.83
4,ZW-M890P,ld.global.ca,2,39,1024,156,4,2,200,199,319488,1277952,511180800,0.10809,0.10762,0.10934,4729.21,4404.42
4,ZW-M890P,ld.global.ca,4,39,128,156,4,24,200,199,479232,1916928,766771200,0.25591,0.25249,0.26374,2996.25,2790.48
4,ZW-M890P,ld.global.ca,4,39,256,156,4,12,200,199,479232,1916928,766771200,0.1469,0.14437,0.14943,5219.68,4861.21
4,ZW-M890P,ld.global.ca,4,39,512,156,4,4,200,199,319488,1277952,511180800,0.05903,0.05861,0.06047,8659.68,8064.95
4,ZW-M890P,ld.global.ca,4,39,1024,156,4,4,200,199,638976,2555904,1022361600,0.11268,0.11223,0.11404,9073.14,8450.02
4,ZW-M890P,ld.global.ca,8,39,128,156,4,24,200,199,479232,1916928,766771200,0.21389,0.21092,0.21849,3584.89,3338.68
4,ZW-M890P,ld.global.ca,8,39,256,156,4,8,200,199,319488,1277952,511180800,0.08542,0.08428,0.08719,5984.32,5573.33
4,ZW-M890P,ld.global.ca,8,39,512,156,4,8,200,199,638976,2555904,1022361600,0.26399,0.26154,0.26805,3872.73,3606.76
4,ZW-M890P,ld.global.ca,8,39,1024,156,4,8,200,199,1277952,5111808,2044723200,0.43485,0.36225,0.55814,4702.13,4379.2
4,ZW-M890P,ld.global.cg,1,39,128,312,8,13,200,199,519168,2076672,830668800,0.39536,0.39085,0.40201,2101.04,1956.75
4,ZW-M890P,ld.global.cg,1,39,256,312,8,6,200,199,479232,1916928,766771200,0.3576,0.34818,0.37186,2144.21,1996.96
4,ZW-M890P,ld.global.cg,1,39,512,312,8,3,200,199,479232,1916928,766771200,0.38713,0.38042,0.39453,1980.66,1844.63
4,ZW-M890P,ld.global.cg,1,39,1024,312,8,1,200,199,319488,1277952,511180800,0.33592,0.33398,0.33793,1521.73,1417.22
4,ZW-M890P,ld.global.cg,2,39,128,312,8,12,200,199,479232,1916928,766771200,0.35465,0.35251,0.35873,2162.05,2013.57
4,ZW-M890P,ld.global.cg,2,39,256,312,8,6,200,199,479232,1916928,766771200,0.35673,0.34642,0.37286,2149.44,2001.83
4,ZW-M890P,ld.global.cg,2,39,512,312,8,2,200,199,319488,1277952,511180800,0.25481,0.25181,0.25753,2006.13,1868.35
4,ZW-M890P,ld.global.cg,2,39,1024,312,8,2,200,199,638976,2555904,1022361600,0.46648,0.46417,0.4708,2191.65,2041.13
4,ZW-M890P,ld.global.cg,4,39,128,312,8,12,200,199,479232,1916928,766771200,0.35167,0.34941,0.35717,2180.37,2030.63
4,ZW-M890P,ld.global.cg,4,39,256,312,8,4,200,199,319488,1277952,511180800,0.23881,0.23081,0.24318,2140.53,1993.53
4,ZW-M890P,ld.global.cg,4,39,512,312,8,4,200,199,638976,2555904,1022361600,0.47362,0.45669,0.49535,2158.61,2010.36
4,ZW-M890P,ld.global.cg,4,39,1024,312,8,4,200,199,1277952,5111808,2044723200,0.94727,0.93235,0.97216,2158.54,2010.3
4,ZW-M890P,ld.global.cg,8,39,128,312,8,8,200,199,319488,1277952,511180800,0.23451,0.23036,0.25926,2179.78,2030.08
4,ZW-M890P,ld.global.cg,8,39,256,312,8,8,200,199,638976,2555904,1022361600,0.46854,0.46021,0.48328,2182.02,2032.16
4,ZW-M890P,ld.global.cg,8,39,512,312,8,8,200,199,1277952,5111808,2044723200,0.93425,0.90822,0.94837,2188.63,2038.32
4,ZW-M890P,ld.global.cg,8,39,1024,312,8,8,200,199,2555904,10223616,4089446400,1.8591,1.80394,1.88898,2199.69,2048.62
4,ZW-M890P,ld.global.ca,1,39,128,312,8,13,200,199,519168,2076672,830668800,0.1919,0.19005,0.19833,4328.65,4031.37
4,ZW-M890P,ld.global.ca,1,39,256,312,8,6,200,199,479232,1916928,766771200,0.13186,0.13115,0.1356,5815.04,5415.68
4,ZW-M890P,ld.global.ca,1,39,512,312,8,3,200,199,479232,1916928,766771200,0.1588,0.15797,0.16047,4828.53,4496.92
4,ZW-M890P,ld.global.ca,1,39,1024,312,8,1,200,199,319488,1277952,511180800,0.16014,0.15957,0.16652,3192.09,2972.86
4,ZW-M890P,ld.global.ca,2,39,128,312,8,12,200,199,479232,1916928,766771200,0.16931,0.16806,0.17306,4528.8,4217.77
4,ZW-M890P,ld.global.ca,2,39,256,312,8,6,200,199,479232,1916928,766771200,0.13839,0.13658,0.14073,5540.65,5160.14
4,ZW-M890P,ld.global.ca,2,39,512,312,8,2,200,199,319488,1277952,511180800,0.108,0.10752,0.11234,4733.16,4408.09
4,ZW-M890P,ld.global.ca,2,39,1024,312,8,2,200,199,638976,2555904,1022361600,0.21131,0.21072,0.213,4838.21,4505.93
4,ZW-M890P,ld.global.ca,4,39,128,312,8,12,200,199,479232,1916928,766771200,0.14644,0.14404,0.15011,5236.08,4876.48
4,ZW-M890P,ld.global.ca,4,39,256,312,8,4,200,199,319488,1277952,511180800,0.06842,0.06741,0.07242,7471.22,6958.11
4,ZW-M890P,ld.global.ca,4,39,512,312,8,4,200,199,638976,2555904,1022361600,0.11249,0.11196,0.11384,9088.47,8464.29
4,ZW-M890P,ld.global.ca,4,39,1024,312,8,4,200,199,1277952,5111808,2044723200,0.21983,0.21924,0.22136,9301.38,8662.59
4,ZW-M890P,ld.global.ca,8,39,128,312,8,8,200,199,319488,1277952,511180800,0.09643,0.09525,0.10145,5301.06,4936.99
4,ZW-M890P,ld.global.ca,8,39,256,312,8,8,200,199,638976,2555904,1022361600,0.23773,0.2336,0.24197,4300.52,4005.17
4,ZW-M890P,ld.global.ca,8,39,512,312,8,8,200,199,1277952,5111808,2044723200,0.45935,0.41277,0.52965,4451.34,4145.63
4,ZW-M890P,ld.global.ca,8,39,1024,312,8,8,200,199,2555904,10223616,4089446400,0.86448,0.74922,1.01314,4730.53,4405.65
4,ZW-M890P,ld.global.cg,1,39,128,624,16,6,200,199,479232,1916928,766771200,0.36881,0.3458,0.38134,2079.04,1936.26
4,ZW-M890P,ld.global.cg,1,39,256,624,16,3,200,199,479232,1916928,766771200,0.3778,0.36905,0.3889,2029.57,1890.18
4,ZW-M890P,ld.global.cg,1,39,512,624,16,1,200,199,319488,1277952,511180800,0.32301,0.32182,0.32491,1582.55,1473.87
4,ZW-M890P,ld.global.cg,1,39,1024,624,16,1,200,199,638976,2555904,1022361600,0.66251,0.66033,0.66487,1543.16,1437.18
4,ZW-M890P,ld.global.cg,2,39,128,624,16,6,200,199,479232,1916928,766771200,0.36607,0.34748,0.38856,2094.6,1950.75
4,ZW-M890P,ld.global.cg,2,39,256,624,16,2,200,199,319488,1277952,511180800,0.23713,0.23457,0.24171,2155.7,2007.65
4,ZW-M890P,ld.global.cg,2,39,512,624,16,2,200,199,638976,2555904,1022361600,0.46785,0.46334,0.47522,2185.23,2035.16
4,ZW-M890P,ld.global.cg,2,39,1024,624,16,2,200,199,1277952,5111808,2044723200,0.95141,0.94459,0.95785,2149.15,2001.55
4,ZW-M890P,ld.global.cg,4,39,128,624,16,4,200,199,319488,1277952,511180800,0.24671,0.23708,0.25408,2071.99,1929.69
4,ZW-M890P,ld.global.cg,4,39,256,624,16,4,200,199,638976,2555904,1022361600,0.48651,0.46433,0.5039,2101.42,1957.1
4,ZW-M890P,ld.global.cg,4,39,512,624,16,4,200,199,1277952,5111808,2044723200,0.93056,0.91546,0.95395,2197.3,2046.4
4,ZW-M890P,ld.global.cg,4,39,1024,624,16,4,200,199,2555904,10223616,4089446400,1.85068,1.83706,1.86773,2209.7,2057.94
4,ZW-M890P,ld.global.cg,8,39,128,624,16,8,200,199,638976,2555904,1022361600,0.46938,0.45766,0.48004,2178.11,2028.52
4,ZW-M890P,ld.global.cg,8,39,256,624,16,8,200,199,1277952,5111808,2044723200,0.93847,0.91106,0.95575,2178.78,2029.15
4,ZW-M890P,ld.global.cg,8,39,512,624,16,8,200,199,2555904,10223616,4089446400,1.86286,1.8206,1.87981,2195.25,2044.49
4,ZW-M890P,ld.global.cg,8,39,1024,624,16,8,200,199,5111808,20447232,8178892800,3.72777,3.6944,3.76059,2194.04,2043.36
4,ZW-M890P,ld.global.ca,1,39,128,624,16,6,200,199,479232,1916928,766771200,0.13734,0.13601,0.13932,5583.01,5199.59
4,ZW-M890P,ld.global.ca,1,39,256,624,16,3,200,199,479232,1916928,766771200,0.1612,0.15973,0.17141,4756.65,4429.97
4,ZW-M890P,ld.global.ca,1,39,512,624,16,1,200,199,319488,1277952,511180800,0.15955,0.15894,0.16101,3203.89,2983.86
4,ZW-M890P,ld.global.ca,1,39,1024,624,16,1,200,199,638976,2555904,1022361600,0.31588,0.31531,0.32038,3236.55,3014.27
4,ZW-M890P,ld.global.ca,2,39,128,624,16,6,200,199,479232,1916928,766771200,0.14246,0.14154,0.14501,5382.36,5012.71
4,ZW-M890P,ld.global.ca,2,39,256,624,16,2,200,199,319488,1277952,511180800,0.10821,0.10782,0.10943,4723.97,4399.54
4,ZW-M890P,ld.global.ca,2,39,512,624,16,2,200,199,638976,2555904,1022361600,0.21112,0.21051,0.2181,4842.56,4509.99
4,ZW-M890P,ld.global.ca,2,39,1024,624,16,2,200,199,1277952,5111808,2044723200,0.4173,0.41673,0.4208,4899.89,4563.38
4,ZW-M890P,ld.global.ca,4,39,128,624,16,4,200,199,319488,1277952,511180800,0.06985,0.06929,0.07414,7318.27,6815.67
4,ZW-M890P,ld.global.ca,4,39,256,624,16,4,200,199,638976,2555904,1022361600,0.11243,0.11201,0.11939,9093.32,8468.81
4,ZW-M890P,ld.global.ca,4,39,512,624,16,4,200,199,1277952,5111808,2044723200,0.21916,0.21862,0.2233,9329.82,8689.07
4,ZW-M890P,ld.global.ca,4,39,1024,624,16,4,200,199,2555904,10223616,4089446400,0.43441,0.43366,0.4359,9413.79,8767.28
4,ZW-M890P,ld.global.ca,8,39,128,624,16,8,200,199,638976,2555904,1022361600,0.20382,0.20154,0.20945,5016,4671.52
4,ZW-M890P,ld.global.ca,8,39,256,624,16,8,200,199,1277952,5111808,2044723200,0.44943,0.41017,0.49644,4549.59,4237.14
4,ZW-M890P,ld.global.ca,8,39,512,624,16,8,200,199,2555904,10223616,4089446400,0.84416,0.76145,0.93942,4844.4,4511.7
4,ZW-M890P,ld.global.ca,8,39,1024,624,16,8,200,199,5111808,20447232,8178892800,1.66287,1.47746,1.85932,4918.54,4580.75
6,ZW-M890P,ld.global.cg,1,39,128,39,1,157,200,199,783744,3134976,1253990400,2.77355,2.7721,2.77972,452.125,421.074
6,ZW-M890P,ld.global.cg,1,39,256,39,1,78,200,199,778752,3115008,1246003200,1.40355,1.40246,1.41101,887.751,826.783
6,ZW-M890P,ld.global.cg,1,39,512,39,1,39,200,199,778752,3115008,1246003200,0.79236,0.79125,0.79706,1572.52,1464.52
6,ZW-M890P,ld.global.cg,1,39,1024,39,1,19,200,199,758784,3035136,1214054400,0.56168,0.55384,0.57548,2161.47,2013.03
6,ZW-M890P,ld.global.cg,2,39,128,39,1,156,200,199,778752,3115008,1246003200,2.79129,2.79001,2.79876,446.39,415.733
6,ZW-M890P,ld.global.cg,2,39,256,39,1,78,200,199,778752,3115008,1246003200,1.44594,1.44185,1.44752,861.725,802.544
6,ZW-M890P,ld.global.cg,2,39,512,39,1,38,200,199,758784,3035136,1214054400,0.74297,0.74107,0.74517,1634.06,1521.83
6,ZW-M890P,ld.global.cg,2,39,1024,39,1,18,200,199,718848,2875392,1150156800,0.52456,0.51934,0.53395,2192.61,2042.03
6,ZW-M890P,ld.global.cg,4,39,128,39,1,156,200,199,778752,3115008,1246003200,2.69456,2.69325,2.70165,462.414,430.657
6,ZW-M890P,ld.global.cg,4,39,256,39,1,76,200,199,758784,3035136,1214054400,1.32824,1.32723,1.32984,914.032,851.259
6,ZW-M890P,ld.global.cg,4,39,512,39,1,36,200,199,718848,2875392,1150156800,0.65733,0.65476,0.66149,1749.74,1629.57
6,ZW-M890P,ld.global.cg,4,39,1024,39,1,16,200,199,638976,2555904,1022361600,0.46019,0.45749,0.48172,2221.61,2069.03
6,ZW-M890P,ld.global.cg,8,39,128,39,1,152,200,199,758784,3035136,1214054400,1.55009,1.54862,1.5531,783.215,729.426
6,ZW-M890P,ld.global.cg,8,39,256,39,1,72,200,199,718848,2875392,1150156800,0.76295,0.75895,0.77037,1507.51,1403.98
6,ZW-M890P,ld.global.cg,8,39,512,39,1,32,200,199,638976,2555904,1022361600,0.46504,0.46165,0.47214,2198.44,2047.45
6,ZW-M890P,ld.global.cg,8,39,1024,39,1,16,200,199,638976,2555904,1022361600,0.4656,0.45593,0.47949,2195.79,2044.99
6,ZW-M890P,ld.global.ca,1,39,128,39,1,157,200,199,783744,3134976,1253990400,2.04453,1.9719,2.10481,613.339,571.217
6,ZW-M890P,ld.global.ca,1,39,256,39,1,78,200,199,778752,3115008,1246003200,1.0833,1.06029,1.12315,1150.19,1071.2
6,ZW-M890P,ld.global.ca,1,39,512,39,1,39,200,199,778752,3115008,1246003200,0.63417,0.63144,0.63658,1964.78,1829.84
6,ZW-M890P,ld.global.ca,1,39,1024,39,1,19,200,199,758784,3035136,1214054400,0.41894,0.41499,0.42282,2897.92,2698.9
6,ZW-M890P,ld.global.ca,2,39,128,39,1,156,200,199,778752,3115008,1246003200,2.11734,2.07934,2.14963,588.476,548.061
6,ZW-M890P,ld.global.ca,2,39,256,39,1,78,200,199,778752,3115008,1246003200,1.17556,1.16281,1.18531,1059.92,987.13
6,ZW-M890P,ld.global.ca,2,39,512,39,1,38,200,199,758784,3035136,1214054400,0.59052,0.58626,0.61186,2055.91,1914.71
6,ZW-M890P,ld.global.ca,2,39,1024,39,1,18,200,199,718848,2875392,1150156800,0.30612,0.29189,0.31042,3757.21,3499.17
6,ZW-M890P,ld.global.ca,4,39,128,39,1,156,200,199,778752,3115008,1246003200,1.9117,1.82716,1.95743,651.778,607.015
6,ZW-M890P,ld.global.ca,4,39,256,39,1,76,200,199,758784,3035136,1214054400,0.95631,0.94664,0.9671,1269.52,1182.33
6,ZW-M890P,ld.global.ca,4,39,512,39,1,36,200,199,718848,2875392,1150156800,0.47227,0.46693,0.4797,2435.38,2268.12
6,ZW-M890P,ld.global.ca,4,39,1024,39,1,16,200,199,638976,2555904,1022361600,0.31124,0.3096,0.34103,3284.8,3059.21
6,ZW-M890P,ld.global.ca,8,39,128,39,1,152,200,199,758784,3035136,1214054400,1.26537,1.25814,1.27252,959.446,893.554
6,ZW-M890P,ld.global.ca,8,39,256,39,1,72,200,199,718848,2875392,1150156800,0.62558,0.62168,0.63075,1838.54,1712.28
6,ZW-M890P,ld.global.ca,8,39,512,39,1,32,200,199,638976,2555904,1022361600,0.36461,0.3622,0.37253,2803.99,2611.42
6,ZW-M890P,ld.global.ca,8,39,1024,39,1,16,200,199,638976,2555904,1022361600,0.30349,0.30202,0.30799,3368.68,3137.33
6,ZW-M890P,ld.global.cg,1,39,128,78,2,78,200,199,778752,3115008,1246003200,1.40126,1.40047,1.40386,889.202,828.134
6,ZW-M890P,ld.global.cg,1,39,256,78,2,39,200,199,778752,3115008,1246003200,0.7907,0.78854,0.79655,1575.82,1467.6
6,ZW-M890P,ld.global.cg,1,39,512,78,2,19,200,199,758784,3035136,1214054400,0.56001,0.55503,0.56823,2167.92,2019.03
6,ZW-M890P,ld.global.cg,1,39,1024,78,2,9,200,199,718848,2875392,1150156800,0.55253,0.52625,0.55941,2081.62,1938.66
6,ZW-M890P,ld.global.cg,2,39,128,78,2,78,200,199,778752,3115008,1246003200,1.44418,1.44329,1.44612,862.776,803.522
6,ZW-M890P,ld.global.cg,2,39,256,78,2,38,200,199,758784,3035136,1214054400,0.74483,0.74294,0.7495,1629.98,1518.03
6,ZW-M890P,ld.global.cg,2,39,512,78,2,18,200,199,718848,2875392,1150156800,0.52822,0.51898,0.5383,2177.42,2027.88
6,ZW-M890P,ld.global.cg,2,39,1024,78,2,8,200,199,638976,2555904,1022361600,0.46425,0.45884,0.47478,2202.18,2050.94
6,ZW-M890P,ld.global.cg,4,39,128,78,2,76,200,199,758784,3035136,1214054400,1.32642,1.32532,1.33061,915.287,852.427
6,ZW-M890P,ld.global.cg,4,39,256,78,2,36,200,199,718848,2875392,1150156800,0.65973,0.65695,0.66747,1743.37,1623.64
6,ZW-M890P,ld.global.cg,4,39,512,78,2,16,200,199,638976,2555904,1022361600,0.50928,0.47957,0.68568,2007.46,1869.6
6,ZW-M890P,ld.global.cg,4,39,1024,78,2,8,200,199,638976,2555904,1022361600,0.47163,0.45738,0.4885,2167.72,2018.85
6,ZW-M890P,ld.global.cg,8,39,128,78,2,72,200,199,718848,2875392,1150156800,0.75449,0.75244,0.7591,1524.42,1419.72
6,ZW-M890P,ld.global.cg,8,39,256,78,2,32,200,199,638976,2555904,1022361600,0.53686,0.50523,0.76804,1904.34,1773.55
6,ZW-M890P,ld.global.cg,8,39,512,78,2,16,200,199,638976,2555904,1022361600,0.46739,0.45907,0.49702,2187.38,2037.16
6,ZW-M890P,ld.global.cg,8,39,1024,78,2,8,200,199,638976,2555904,1022361600,0.47391,0.45527,0.48442,2157.29,2009.13
6,ZW-M890P,ld.global.ca,1,39,128,78,2,78,200,199,778752,3115008,1246003200,1.16671,1.13491,1.20017,1067.96,994.618
6,ZW-M890P,ld.global.ca,1,39,256,78,2,39,200,199,778752,3115008,1246003200,0.69433,0.68496,0.70562,1794.54,1671.3
6,ZW-M890P,ld.global.ca,1,39,512,78,2,19,200,199,758784,3035136,1214054400,0.38741,0.38452,0.39535,3133.77,2918.55
6,ZW-M890P,ld.global.ca,1,39,1024,78,2,9,200,199,718848,2875392,1150156800,0.24449,0.24171,0.24925,4704.31,4381.23
6,ZW-M890P,ld.global.ca,2,39,128,78,2,78,200,199,778752,3115008,1246003200,1.2342,1.20962,1.26065,1009.56,940.229
6,ZW-M890P,ld.global.ca,2,39,256,78,2,38,200,199,758784,3035136,1214054400,0.61374,0.60885,0.62143,1978.12,1842.27
6,ZW-M890P,ld.global.ca,2,39,512,78,2,18,200,199,718848,2875392,1150156800,0.33114,0.32772,0.33677,3473.32,3234.79
6,ZW-M890P,ld.global.ca,2,39,1024,78,2,8,200,199,638976,2555904,1022361600,0.21114,0.20841,0.21877,4842.1,4509.56
6,ZW-M890P,ld.global.ca,4,39,128,78,2,76,200,199,758784,3035136,1214054400,1.02596,1.01415,1.03923,1183.34,1102.07
6,ZW-M890P,ld.global.ca,4,39,256,78,2,36,200,199,718848,2875392,1150156800,0.49609,0.48834,0.50526,2318.44,2159.22
6,ZW-M890P,ld.global.ca,4,39,512,78,2,16,200,199,638976,2555904,1022361600,0.22236,0.21809,0.22835,4597.78,4282.01
6,ZW-M890P,ld.global.ca,4,39,1024,78,2,8,200,199,638976,2555904,1022361600,0.21655,0.21193,0.22211,4721.13,4396.9
6,ZW-M890P,ld.global.ca,8,39,128,78,2,72,200,199,718848,2875392,1150156800,0.65524,0.64062,0.67368,1755.32,1634.77
6,ZW-M890P,ld.global.ca,8,39,256,78,2,32,200,199,638976,2555904,1022361600,0.27813,0.27424,0.28391,3675.84,3423.39
6,ZW-M890P,ld.global.ca,8,39,512,78,2,16,200,199,638976,2555904,1022361600,0.20143,0.1988,0.206,5075.52,4726.94
6,ZW-M890P,ld.global.ca,8,39,1024,78,2,8,200,199,638976,2555904,1022361600,0.24597,0.24342,0.25605,4156.45,3870.99
6,ZW-M890P,ld.global.cg,1,39,128,156,4,39,200,199,778752,3115008,1246003200,0.78858,0.78745,0.79268,1580.06,1471.54
6,ZW-M890P,ld.global.cg,1,39,256,156,4,19,200,199,758784,3035136,1214054400,0.55759,0.5526,0.56884,2177.32,2027.79
6,ZW-M890P,ld.global.cg,1,39,512,156,4,9,200,199,718848,2875392,1150156800,0.53404,0.5204,0.55766,2153.69,2005.78
6,ZW-M890P,ld.global.cg,1,39,1024,156,4,4,200,199,638976,2555904,1022361600,0.48146,0.47076,0.51121,2123.46,1977.63
6,ZW-M890P,ld.global.cg,2,39,128,156,4,38,200,199,758784,3035136,1214054400,0.74405,0.74272,0.74742,1631.68,1519.62
6,ZW-M890P,ld.global.cg,2,39,256,156,4,18,200,199,718848,2875392,1150156800,0.52599,0.51907,0.53537,2186.65,2036.48
6,ZW-M890P,ld.global.cg,2,39,512,156,4,8,200,199,638976,2555904,1022361600,0.47129,0.45988,0.54829,2169.28,2020.3
6,ZW-M890P,ld.global.cg,2,39,1024,156,4,4,200,199,638976,2555904,1022361600,0.49482,0.47473,0.51627,2066.13,1924.23
6,ZW-M890P,ld.global.cg,4,39,128,156,4,36,200,199,718848,2875392,1150156800,0.65325,0.65088,0.65709,1760.67,1639.75
6,ZW-M890P,ld.global.cg,4,39,256,156,4,16,200,199,638976,2555904,1022361600,0.48383,0.46291,0.54374,2113.06,1967.94
6,ZW-M890P,ld.global.cg,4,39,512,156,4,8,200,199,638976,2555904,1022361600,0.48966,0.45702,0.58101,2087.9,1944.51
6,ZW-M890P,ld.global.cg,4,39,1024,156,4,4,200,199,638976,2555904,1022361600,0.48386,0.47183,0.50947,2112.93,1967.82
6,ZW-M890P,ld.global.cg,8,39,128,156,4,32,200,199,638976,2555904,1022361600,0.46574,0.46224,0.4717,2195.13,2044.38
6,ZW-M890P,ld.global.cg,8,39,256,156,4,16,200,199,638976,2555904,1022361600,0.48863,0.45743,0.58406,2092.3,1948.61
6,ZW-M890P,ld.global.cg,8,39,512,156,4,8,200,199,638976,2555904,1022361600,0.4728,0.45817,0.47952,2162.36,2013.85
6,ZW-M890P,ld.global.cg,8,39,1024,156,4,8,200,199,1277952,5111808,2044723200,0.92987,0.90662,0.94901,2198.93,2047.92
6,ZW-M890P,ld.global.ca,1,39,128,156,4,39,200,199,778752,3115008,1246003200,0.67751,0.66989,0.70295,1839.09,1712.79
6,ZW-M890P,ld.global.ca,1,39,256,156,4,19,200,199,758784,3035136,1214054400,0.38544,0.38315,0.39263,3149.79,2933.47
6,ZW-M890P,ld.global.ca,1,39,512,156,4,9,200,199,718848,2875392,1150156800,0.28802,0.28082,0.29522,3993.32,3719.07
6,ZW-M890P,ld.global.ca,1,39,1024,156,4,4,200,199,638976,2555904,1022361600,0.11298,0.11249,0.11944,9049.05,8427.58
6,ZW-M890P,ld.global.ca,2,39,128,156,4,38,200,199,758784,3035136,1214054400,0.63152,0.62744,0.63585,1922.43,1790.4
6,ZW-M890P,ld.global.ca,2,39,256,156,4,18,200,199,718848,2875392,1150156800,0.38043,0.37887,0.38304,3023.31,2815.67
6,ZW-M890P,ld.global.ca,2,39,512,156,4,8,200,199,638976,2555904,1022361600,0.22639,0.22126,0.24306,4515.93,4205.79
6,ZW-M890P,ld.global.ca,2,39,1024,156,4,4,200,199,638976,2555904,1022361600,0.13765,0.13698,0.14347,7427.25,6917.17
6,ZW-M890P,ld.global.ca,4,39,128,156,4,36,200,199,718848,2875392,1150156800,0.55745,0.55391,0.56183,2063.25,1921.55
6,ZW-M890P,ld.global.ca,4,39,256,156,4,16,200,199,638976,2555904,1022361600,0.2581,0.25393,0.27859,3961.11,3689.07
6,ZW-M890P,ld.global.ca,4,39,512,156,4,8,200,199,638976,2555904,1022361600,0.21967,0.2157,0.22631,4654.08,4334.45
6,ZW-M890P,ld.global.ca,4,39,1024,156,4,4,200,199,638976,2555904,1022361600,0.11291,0.1124,0.1141,9054.66,8432.81
6,ZW-M890P,ld.global.ca,8,39,128,156,4,32,200,199,638976,2555904,1022361600,0.36426,0.33686,0.37177,2806.68,2613.93
6,ZW-M890P,ld.global.ca,8,39,256,156,4,16,200,199,638976,2555904,1022361600,0.25231,0.24822,0.29051,4052.01,3773.72
6,ZW-M890P,ld.global.ca,8,39,512,156,4,8,200,199,638976,2555904,1022361600,0.26377,0.26111,0.26781,3875.96,3609.77
6,ZW-M890P,ld.global.ca,8,39,1024,156,4,8,200,199,1277952,5111808,2044723200,0.43641,0.36561,0.54735,4685.33,4363.55
6,ZW-M890P,ld.global.cg,1,39,128,312,8,19,200,199,758784,3035136,1214054400,0.5589,0.55258,0.56376,2172.22,2023.04
6,ZW-M890P,ld.global.cg,1,39,256,312,8,9,200,199,718848,2875392,1150156800,0.54185,0.52407,0.55573,2122.65,1976.87
6,ZW-M890P,ld.global.cg,1,39,512,312,8,4,200,199,638976,2555904,1022361600,0.46572,0.45749,0.47761,2195.23,2044.47
6,ZW-M890P,ld.global.cg,1,39,1024,312,8,2,200,199,638976,2555904,1022361600,0.46685,0.46457,0.47061,2189.91,2039.52
6,ZW-M890P,ld.global.cg,2,39,128,312,8,18,200,199,718848,2875392,1150156800,0.53441,0.52453,0.54246,2152.2,2004.39
6,ZW-M890P,ld.global.cg,2,39,256,312,8,8,200,199,638976,2555904,1022361600,0.46455,0.4533,0.47982,2200.76,2049.61
6,ZW-M890P,ld.global.cg,2,39,512,312,8,4,200,199,638976,2555904,1022361600,0.47175,0.45712,0.48931,2167.17,2018.33
6,ZW-M890P,ld.global.cg,2,39,1024,312,8,2,200,199,638976,2555904,1022361600,0.46634,0.46386,0.47076,2192.31,2041.75
6,ZW-M890P,ld.global.cg,4,39,128,312,8,16,200,199,638976,2555904,1022361600,0.46203,0.45731,0.52333,2212.76,2060.79
6,ZW-M890P,ld.global.cg,4,39,256,312,8,8,200,199,638976,2555904,1022361600,0.48831,0.46937,0.50014,2093.67,1949.89
6,ZW-M890P,ld.global.cg,4,39,512,312,8,4,200,199,638976,2555904,1022361600,0.48129,0.45901,0.48696,2124.21,1978.33
6,ZW-M890P,ld.global.cg,4,39,1024,312,8,4,200,199,1277952,5111808,2044723200,0.94696,0.93417,0.97901,2159.25,2010.96
6,ZW-M890P,ld.global.cg,8,39,128,312,8,16,200,199,638976,2555904,1022361600,0.46994,0.45394,0.50281,2175.52,2026.11
6,ZW-M890P,ld.global.cg,8,39,256,312,8,8,200,199,638976,2555904,1022361600,0.47073,0.46009,0.48296,2171.86,2022.71
6,ZW-M890P,ld.global.cg,8,39,512,312,8,8,200,199,1277952,5111808,2044723200,0.93495,0.90349,0.94814,2186.99,2036.79
6,ZW-M890P,ld.global.cg,8,39,1024,312,8,8,200,199,2555904,10223616,4089446400,1.86037,1.80968,1.87673,2198.19,2047.22
6,ZW-M890P,ld.global.ca,1,39,128,312,8,19,200,199,758784,3035136,1214054400,0.44624,0.44476,0.44978,2720.63,2533.79
6,ZW-M890P,ld.global.ca,1,39,256,312,8,9,200,199,718848,2875392,1150156800,0.22088,0.21847,0.22481,5207.16,4849.54
6,ZW-M890P,ld.global.ca,1,39,512,312,8,4,200,199,638976,2555904,1022361600,0.11281,0.11234,0.11406,9062.69,8440.28
6,ZW-M890P,ld.global.ca,1,39,1024,312,8,2,200,199,638976,2555904,1022361600,0.2118,0.21134,0.21754,4827.01,4495.51
6,ZW-M890P,ld.global.ca,2,39,128,312,8,18,200,199,718848,2875392,1150156800,0.32162,0.31937,0.32629,3576.14,3330.54
6,ZW-M890P,ld.global.ca,2,39,256,312,8,8,200,199,638976,2555904,1022361600,0.1897,0.18761,0.20268,5389.36,5019.23
6,ZW-M890P,ld.global.ca,2,39,512,312,8,4,200,199,638976,2555904,1022361600,0.13747,0.13676,0.13913,7436.98,6926.23
6,ZW-M890P,ld.global.ca,2,39,1024,312,8,2,200,199,638976,2555904,1022361600,0.21134,0.21075,0.21746,4837.52,4505.29
6,ZW-M890P,ld.global.ca,4,39,128,312,8,16,200,199,638976,2555904,1022361600,0.23517,0.22806,0.26147,4347.33,4048.77
6,ZW-M890P,ld.global.ca,4,39,256,312,8,8,200,199,638976,2555904,1022361600,0.17123,0.16872,0.17562,5970.69,5560.64
6,ZW-M890P,ld.global.ca,4,39,512,312,8,4,200,199,638976,2555904,1022361600,0.11254,0.11209,0.11491,9084.43,8460.53
6,ZW-M890P,ld.global.ca,4,39,1024,312,8,4,200,199,1277952,5111808,2044723200,0.2199,0.21925,0.22135,9298.42,8659.83
6,ZW-M890P,ld.global.ca,8,39,128,312,8,16,200,199,638976,2555904,1022361600,0.2272,0.21842,0.23985,4499.83,4190.79
6,ZW-M890P,ld.global.ca,8,39,256,312,8,8,200,199,638976,2555904,1022361600,0.24714,0.241,0.25432,4136.77,3852.67
6,ZW-M890P,ld.global.ca,8,39,512,312,8,8,200,199,1277952,5111808,2044723200,0.45976,0.39943,0.51921,4447.37,4141.94
6,ZW-M890P,ld.global.ca,8,39,1024,312,8,8,200,199,2555904,10223616,4089446400,0.85242,0.75429,1.00014,4797.45,4467.98
6,ZW-M890P,ld.global.cg,1,39,128,624,16,9,200,199,718848,2875392,1150156800,0.55159,0.5243,0.57149,2085.17,1941.96
6,ZW-M890P,ld.global.cg,1,39,256,624,16,4,200,199,638976,2555904,1022361600,0.47318,0.45585,0.5038,2160.62,2012.23
6,ZW-M890P,ld.global.cg,1,39,512,624,16,2,200,199,638976,2555904,1022361600,0.46733,0.4645,0.47295,2187.67,2037.42
6,ZW-M890P,ld.global.cg,1,39,1024,624,16,1,200,199,638976,2555904,1022361600,0.66249,0.65993,0.67157,1543.21,1437.23
6,ZW-M890P,ld.global.cg,2,39,128,624,16,8,200,199,638976,2555904,1022361600,0.48889,0.46795,0.50544,2091.19,1947.57
6,ZW-M890P,ld.global.cg,2,39,256,624,16,4,200,199,638976,2555904,1022361600,0.48774,0.46316,0.51199,2096.12,1952.16
6,ZW-M890P,ld.global.cg,2,39,512,624,16,2,200,199,638976,2555904,1022361600,0.46785,0.4632,0.47331,2185.23,2035.16
6,ZW-M890P,ld.global.cg,2,39,1024,624,16,2,200,199,1277952,5111808,2044723200,0.95163,0.94206,0.95814,2148.65,2001.09
6,ZW-M890P,ld.global.cg,4,39,128,624,16,8,200,199,638976,2555904,1022361600,0.49304,0.47068,0.50488,2073.59,1931.18
6,ZW-M890P,ld.global.cg,4,39,256,624,16,4,200,199,638976,2555904,1022361600,0.49181,0.46055,0.50522,2078.77,1936.01
6,ZW-M890P,ld.global.cg,4,39,512,624,16,4,200,199,1277952,5111808,2044723200,0.92918,0.9174,0.96135,2200.57,2049.44
6,ZW-M890P,ld.global.cg,4,39,1024,624,16,4,200,199,2555904,10223616,4089446400,1.84791,1.83563,1.86908,2213.01,2061.03
6,ZW-M890P,ld.global.cg,8,39,128,624,16,8,200,199,638976,2555904,1022361600,0.47113,0.45867,0.48028,2170.02,2020.99
6,ZW-M890P,ld.global.cg,8,39,256,624,16,8,200,199,1277952,5111808,2044723200,0.93863,0.91162,0.95496,2178.41,2028.8
6,ZW-M890P,ld.global.cg,8,39,512,624,16,8,200,199,2555904,10223616,4089446400,1.86366,1.83439,1.88524,2194.31,2043.61
6,ZW-M890P,ld.global.cg,8,39,1024,624,16,8,200,199,5111808,20447232,8178892800,3.72513,3.68851,3.76604,2195.6,2044.81
6,ZW-M890P,ld.global.ca,1,39,128,624,16,9,200,199,718848,2875392,1150156800,0.24211,0.23927,0.24731,4750.55,4424.3
6,ZW-M890P,ld.global.ca,1,39,256,624,16,4,200,199,638976,2555904,1022361600,0.11281,0.11233,0.11741,9062.69,8440.28
6,ZW-M890P,ld.global.ca,1,39,512,624,16,2,200,199,638976,2555904,1022361600,0.2114,0.21094,0.2191,4836.15,4504.01
6,ZW-M890P,ld.global.ca,1,39,1024,624,16,1,200,199,638976,2555904,1022361600,0.3159,0.31516,0.31726,3236.35,3014.08
6,ZW-M890P,ld.global.ca,2,39,128,624,16,8,200,199,638976,2555904,1022361600,0.17617,0.17305,0.17935,5803.27,5404.71
6,ZW-M890P,ld.global.ca,2,39,256,624,16,4,200,199,638976,2555904,1022361600,0.13743,0.13682,0.13969,7439.14,6928.24
6,ZW-M890P,ld.global.ca,2,39,512,624,16,2,200,199,638976,2555904,1022361600,0.2109,0.21047,0.21673,4847.61,4514.69
6,ZW-M890P,ld.global.ca,2,39,1024,624,16,2,200,199,1277952,5111808,2044723200,0.41705,0.41645,0.41906,4902.83,4566.11
6,ZW-M890P,ld.global.ca,4,39,128,624,16,8,200,199,638976,2555904,1022361600,0.17295,0.16994,0.18292,5911.31,5505.34
6,ZW-M890P,ld.global.ca,4,39,256,624,16,4,200,199,638976,2555904,1022361600,0.1125,0.11201,0.11385,9087.66,8463.54
6,ZW-M890P,ld.global.ca,4,39,512,624,16,4,200,199,1277952,5111808,2044723200,0.21913,0.21855,0.22873,9331.1,8690.26
6,ZW-M890P,ld.global.ca,4,39,1024,624,16,4,200,199,2555904,10223616,4089446400,0.43436,0.43348,0.44152,9414.88,8768.29
6,ZW-M890P,ld.global.ca,8,39,128,624,16,8,200,199,638976,2555904,1022361600,0.2117,0.20929,0.21547,4829.29,4497.63
6,ZW-M890P,ld.global.ca,8,39,256,624,16,8,200,199,1277952,5111808,2044723200,0.45238,0.4007,0.52011,4519.92,4209.51
6,ZW-M890P,ld.global.ca,8,39,512,624,16,8,200,199,2555904,10223616,4089446400,0.84915,0.76172,0.95481,4815.93,4485.18
6,ZW-M890P,ld.global.ca,8,39,1024,624,16,8,200,199,5111808,20447232,8178892800,1.65966,1.50215,1.81827,4928.05,4589.61
8,ZW-M890P,ld.global.cg,1,39,128,39,1,210,200,199,1048320,4193280,1677312000,3.66164,3.66062,3.66952,458.077,426.617
8,ZW-M890P,ld.global.cg,1,39,256,39,1,105,200,199,1048320,4193280,1677312000,1.88454,1.88316,1.88754,890.038,828.912
8,ZW-M890P,ld.global.cg,1,39,512,39,1,52,200,199,1038336,4153344,1661337600,0.94496,0.94175,0.94983,1758.1,1637.36
8,ZW-M890P,ld.global.cg,1,39,1024,39,1,26,200,199,1038336,4153344,1661337600,0.76254,0.74979,0.78127,2178.69,2029.06
8,ZW-M890P,ld.global.cg,2,39,128,39,1,210,200,199,1048320,4193280,1677312000,3.77877,3.77758,3.7844,443.878,413.393
8,ZW-M890P,ld.global.cg,2,39,256,39,1,104,200,199,1038336,4153344,1661337600,1.88032,1.87613,1.8835,883.54,822.861
8,ZW-M890P,ld.global.cg,2,39,512,39,1,52,200,199,1038336,4153344,1661337600,0.97494,0.97051,0.98226,1704.04,1587.01
8,ZW-M890P,ld.global.cg,2,39,1024,39,1,26,200,199,1038336,4153344,1661337600,0.75869,0.74837,0.779,2189.74,2039.36
8,ZW-M890P,ld.global.cg,4,39,128,39,1,208,200,199,1038336,4153344,1661337600,3.58874,3.58773,3.59594,462.931,431.138
8,ZW-M890P,ld.global.cg,4,39,256,39,1,104,200,199,1038336,4153344,1661337600,1.8124,1.81154,1.81496,916.651,853.697
8,ZW-M890P,ld.global.cg,4,39,512,39,1,52,200,199,1038336,4153344,1661337600,0.94318,0.94099,0.94615,1761.42,1640.45
8,ZW-M890P,ld.global.cg,4,39,1024,39,1,24,200,199,958464,3833856,1533542400,0.68872,0.6857,0.70242,2226.66,2073.73
8,ZW-M890P,ld.global.cg,8,39,128,39,1,208,200,199,1038336,4153344,1661337600,2.11638,2.11402,2.12386,784.99,731.079
8,ZW-M890P,ld.global.cg,8,39,256,39,1,104,200,199,1038336,4153344,1661337600,1.09626,1.09185,1.10184,1515.46,1411.38
8,ZW-M890P,ld.global.cg,8,39,512,39,1,48,200,199,958464,3833856,1533542400,0.69309,0.68909,0.69872,2212.62,2060.66
8,ZW-M890P,ld.global.cg,8,39,1024,39,1,24,200,199,958464,3833856,1533542400,0.71043,0.67896,0.72088,2158.61,2010.36
8,ZW-M890P,ld.global.ca,1,39,128,39,1,210,200,199,1048320,4193280,1677312000,3.73405,3.73121,3.74103,449.194,418.344
8,ZW-M890P,ld.global.ca,1,39,256,39,1,105,200,199,1048320,4193280,1677312000,1.92034,1.91922,1.92184,873.445,813.459
8,ZW-M890P,ld.global.ca,1,39,512,39,1,52,200,199,1038336,4153344,1661337600,0.95812,0.9556,0.96691,1733.96,1614.87
8,ZW-M890P,ld.global.ca,1,39,1024,39,1,26,200,199,1038336,4153344,1661337600,0.72822,0.72457,0.73164,2281.37,2124.69
8,ZW-M890P,ld.global.ca,2,39,128,39,1,210,200,199,1048320,4193280,1677312000,3.85081,3.84899,3.85837,435.574,405.66
8,ZW-M890P,ld.global.ca,2,39,256,39,1,104,200,199,1038336,4153344,1661337600,1.91338,1.9109,1.91862,868.274,808.643
8,ZW-M890P,ld.global.ca,2,39,512,39,1,52,200,199,1038336,4153344,1661337600,0.98732,0.98447,0.99063,1682.67,1567.11
8,ZW-M890P,ld.global.ca,2,39,1024,39,1,26,200,199,1038336,4153344,1661337600,0.74005,0.73452,0.74563,2244.9,2090.73
8,ZW-M890P,ld.global.ca,4,39,128,39,1,208,200,199,1038336,4153344,1661337600,3.66313,3.66011,3.66975,453.53,422.382
8,ZW-M890P,ld.global.ca,4,39,256,39,1,104,200,199,1038336,4153344,1661337600,1.84884,1.84757,1.85174,898.584,836.871
8,ZW-M890P,ld.global.ca,4,39,512,39,1,52,200,199,1038336,4153344,1661337600,0.95548,0.95347,0.95796,1738.75,1619.33
8,ZW-M890P,ld.global.ca,4,39,1024,39,1,24,200,199,958464,3833856,1533542400,0.6491,0.63416,0.66277,2362.57,2200.31
8,ZW-M890P,ld.global.ca,8,39,128,39,1,208,200,199,1038336,4153344,1661337600,2.15375,2.15193,2.15845,771.37,718.394
8,ZW-M890P,ld.global.ca,8,39,256,39,1,104,200,199,1038336,4153344,1661337600,1.11098,1.10847,1.11839,1495.38,1392.68
8,ZW-M890P,ld.global.ca,8,39,512,39,1,48,200,199,958464,3833856,1533542400,0.67624,0.66402,0.68302,2267.75,2112.01
8,ZW-M890P,ld.global.ca,8,39,1024,39,1,24,200,199,958464,3833856,1533542400,0.68833,0.66222,0.69599,2227.92,2074.91
8,ZW-M890P,ld.global.cg,1,39,128,78,2,105,200,199,1048320,4193280,1677312000,1.89583,1.89463,1.89878,884.738,823.976
8,ZW-M890P,ld.global.cg,1,39,256,78,2,52,200,199,1038336,4153344,1661337600,0.94745,0.94461,0.95655,1753.48,1633.06
8,ZW-M890P,ld.global.cg,1,39,512,78,2,26,200,199,1038336,4153344,1661337600,0.76308,0.74918,0.77423,2177.15,2027.63
8,ZW-M890P,ld.global.cg,1,39,1024,78,2,13,200,199,1038336,4153344,1661337600,0.78728,0.75206,0.79605,2110.22,1965.3
8,ZW-M890P,ld.global.cg,2,39,128,78,2,104,200,199,1038336,4153344,1661337600,1.88031,1.87936,1.88447,883.544,822.865
8,ZW-M890P,ld.global.cg,2,39,256,78,2,52,200,199,1038336,4153344,1661337600,0.97577,0.97326,0.98243,1702.59,1585.66
8,ZW-M890P,ld.global.cg,2,39,512,78,2,26,200,199,1038336,4153344,1661337600,0.76044,0.7498,0.76962,2184.71,2034.67
8,ZW-M890P,ld.global.cg,2,39,1024,78,2,12,200,199,958464,3833856,1533542400,0.69474,0.68503,0.72351,2207.36,2055.77
8,ZW-M890P,ld.global.cg,4,39,128,78,2,104,200,199,1038336,4153344,1661337600,1.81017,1.80844,1.81288,917.78,854.749
8,ZW-M890P,ld.global.cg,4,39,256,78,2,52,200,199,1038336,4153344,1661337600,0.9465,0.94299,0.95262,1755.24,1634.7
8,ZW-M890P,ld.global.cg,4,39,512,78,2,24,200,199,958464,3833856,1533542400,0.69725,0.68848,0.72185,2199.42,2048.37
8,ZW-M890P,ld.global.cg,4,39,1024,78,2,12,200,199,958464,3833856,1533542400,0.71711,0.68322,0.7236,2138.5,1991.64
8,ZW-M890P,ld.global.cg,8,39,128,78,2,104,200,199,1038336,4153344,1661337600,1.08269,1.08035,1.08791,1534.45,1429.07
8,ZW-M890P,ld.global.cg,8,39,256,78,2,48,200,199,958464,3833856,1533542400,0.7272,0.7097,0.76446,2108.83,1964
8,ZW-M890P,ld.global.cg,8,39,512,78,2,24,200,199,958464,3833856,1533542400,0.69373,0.6863,0.72695,2210.58,2058.76
8,ZW-M890P,ld.global.cg,8,39,1024,78,2,8,200,199,638976,2555904,1022361600,0.4724,0.4559,0.47908,2164.19,2015.56
8,ZW-M890P,ld.global.ca,1,39,128,78,2,105,200,199,1048320,4193280,1677312000,1.92327,1.90821,1.93039,872.115,812.22
8,ZW-M890P,ld.global.ca,1,39,256,78,2,52,200,199,1038336,4153344,1661337600,0.95801,0.95432,0.96494,1734.15,1615.06
8,ZW-M890P,ld.global.ca,1,39,512,78,2,26,200,199,1038336,4153344,1661337600,0.7133,0.70796,0.71952,2329.09,2169.13
8,ZW-M890P,ld.global.ca,1,39,1024,78,2,13,200,199,1038336,4153344,1661337600,0.71352,0.70341,0.72093,2328.37,2168.46
8,ZW-M890P,ld.global.ca,2,39,128,78,2,104,200,199,1038336,4153344,1661337600,1.91027,1.90926,1.91317,869.687,809.959
8,ZW-M890P,ld.global.ca,2,39,256,78,2,52,200,199,1038336,4153344,1661337600,0.98944,0.98524,0.99675,1679.07,1563.75
8,ZW-M890P,ld.global.ca,2,39,512,78,2,26,200,199,1038336,4153344,1661337600,0.70348,0.69631,0.71593,2361.6,2199.41
8,ZW-M890P,ld.global.ca,2,39,1024,78,2,12,200,199,958464,3833856,1533542400,0.65326,0.63993,0.66587,2347.52,2186.3
8,ZW-M890P,ld.global.ca,4,39,128,78,2,104,200,199,1038336,4153344,1661337600,1.84576,1.8438,1.85193,900.083,838.268
8,ZW-M890P,ld.global.ca,4,39,256,78,2,52,200,199,1038336,4153344,1661337600,0.95692,0.9544,0.96342,1736.13,1616.9
8,ZW-M890P,ld.global.ca,4,39,512,78,2,24,200,199,958464,3833856,1533542400,0.62478,0.54727,0.65945,2454.53,2285.96
8,ZW-M890P,ld.global.ca,4,39,1024,78,2,12,200,199,958464,3833856,1533542400,0.68693,0.66362,0.7025,2232.46,2079.14
8,ZW-M890P,ld.global.ca,8,39,128,78,2,104,200,199,1038336,4153344,1661337600,1.09904,1.0974,1.10133,1511.63,1407.81
8,ZW-M890P,ld.global.ca,8,39,256,78,2,48,200,199,958464,3833856,1533542400,0.69633,0.68952,0.71213,2202.32,2051.07
8,ZW-M890P,ld.global.ca,8,39,512,78,2,24,200,199,958464,3833856,1533542400,0.67691,0.64355,0.69588,2265.5,2109.92
8,ZW-M890P,ld.global.ca,8,39,1024,78,2,8,200,199,638976,2555904,1022361600,0.25034,0.24764,0.25493,4083.89,3803.42
8,ZW-M890P,ld.global.cg,1,39,128,156,4,52,200,199,1038336,4153344,1661337600,0.93839,0.93632,0.94527,1770.41,1648.83
8,ZW-M890P,ld.global.cg,1,39,256,156,4,26,200,199,1038336,4153344,1661337600,0.75703,0.74954,0.77049,2194.55,2043.83
8,ZW-M890P,ld.global.cg,1,39,512,156,4,13,200,199,1038336,4153344,1661337600,0.76628,0.75165,0.79709,2168.06,2019.16
8,ZW-M890P,ld.global.cg,1,39,1024,156,4,6,200,199,958464,3833856,1533542400,0.69796,0.68743,0.72376,2197.18,2046.28
8,ZW-M890P,ld.global.cg,2,39,128,156,4,52,200,199,1038336,4153344,1661337600,0.97037,0.96853,0.97423,1712.07,1594.49
8,ZW-M890P,ld.global.cg,2,39,256,156,4,26,200,199,1038336,4153344,1661337600,0.76249,0.75068,0.7731,2178.83,2029.2
8,ZW-M890P,ld.global.cg,2,39,512,156,4,12,200,199,958464,3833856,1533542400,0.70846,0.68326,0.71749,2164.61,2015.95
8,ZW-M890P,ld.global.cg,2,39,1024,156,4,6,200,199,958464,3833856,1533542400,0.69916,0.68906,0.72376,2193.41,2042.77
8,ZW-M890P,ld.global.cg,4,39,128,156,4,52,200,199,1038336,4153344,1661337600,0.93791,0.93492,0.94242,1771.32,1649.67
8,ZW-M890P,ld.global.cg,4,39,256,156,4,24,200,199,958464,3833856,1533542400,0.69396,0.68911,0.72361,2209.84,2058.08
8,ZW-M890P,ld.global.cg,4,39,512,156,4,12,200,199,958464,3833856,1533542400,0.72001,0.6872,0.74813,2129.89,1983.62
8,ZW-M890P,ld.global.cg,4,39,1024,156,4,4,200,199,638976,2555904,1022361600,0.48813,0.47325,0.50963,2094.45,1950.6
8,ZW-M890P,ld.global.cg,8,39,128,156,4,48,200,199,958464,3833856,1533542400,0.69589,0.68957,0.7036,2203.71,2052.37
8,ZW-M890P,ld.global.cg,8,39,256,156,4,24,200,199,958464,3833856,1533542400,0.72663,0.68185,0.7514,2110.49,1965.54
8,ZW-M890P,ld.global.cg,8,39,512,156,4,8,200,199,638976,2555904,1022361600,0.47276,0.4572,0.47888,2162.54,2014.02
8,ZW-M890P,ld.global.cg,8,39,1024,156,4,8,200,199,1277952,5111808,2044723200,0.92844,0.90359,0.94488,2202.32,2051.07
8,ZW-M890P,ld.global.ca,1,39,128,156,4,52,200,199,1038336,4153344,1661337600,0.95066,0.94348,0.95294,1747.56,1627.54
8,ZW-M890P,ld.global.ca,1,39,256,156,4,26,200,199,1038336,4153344,1661337600,0.71858,0.714,0.72605,2311.97,2153.19
8,ZW-M890P,ld.global.ca,1,39,512,156,4,13,200,199,1038336,4153344,1661337600,0.71655,0.6916,0.7278,2318.52,2159.29
8,ZW-M890P,ld.global.ca,1,39,1024,156,4,6,200,199,958464,3833856,1533542400,0.24749,0.23626,0.27252,6196.38,5770.83
8,ZW-M890P,ld.global.ca,2,39,128,156,4,52,200,199,1038336,4153344,1661337600,0.98231,0.98112,0.98462,1691.26,1575.1
8,ZW-M890P,ld.global.ca,2,39,256,156,4,26,200,199,1038336,4153344,1661337600,0.74117,0.73275,0.74912,2241.51,2087.57
8,ZW-M890P,ld.global.ca,2,39,512,156,4,12,200,199,958464,3833856,1533542400,0.60537,0.58344,0.62967,2533.23,2359.26
8,ZW-M890P,ld.global.ca,2,39,1024,156,4,6,200,199,958464,3833856,1533542400,0.25773,0.24252,0.28956,5950.19,5541.55
8,ZW-M890P,ld.global.ca,4,39,128,156,4,52,200,199,1038336,4153344,1661337600,0.94541,0.93694,0.9521,1757.27,1636.58
8,ZW-M890P,ld.global.ca,4,39,256,156,4,24,200,199,958464,3833856,1533542400,0.60778,0.57953,0.62803,2523.19,2349.9
8,ZW-M890P,ld.global.ca,4,39,512,156,4,12,200,199,958464,3833856,1533542400,0.58117,0.53731,0.61235,2638.72,2457.5
8,ZW-M890P,ld.global.ca,4,39,1024,156,4,4,200,199,638976,2555904,1022361600,0.11282,0.11208,0.12022,9061.88,8439.54
8,ZW-M890P,ld.global.ca,8,39,128,156,4,48,200,199,958464,3833856,1533542400,0.60092,0.59367,0.61193,2551.99,2376.73
8,ZW-M890P,ld.global.ca,8,39,256,156,4,24,200,199,958464,3833856,1533542400,0.64995,0.6057,0.66596,2359.48,2197.43
8,ZW-M890P,ld.global.ca,8,39,512,156,4,8,200,199,638976,2555904,1022361600,0.29649,0.29231,0.3003,3448.22,3211.4
8,ZW-M890P,ld.global.ca,8,39,1024,156,4,8,200,199,1277952,5111808,2044723200,0.44207,0.37329,0.54768,4625.34,4307.68
8,ZW-M890P,ld.global.cg,1,39,128,312,8,26,200,199,1038336,4153344,1661337600,0.76238,0.7514,0.77499,2179.15,2029.49
8,ZW-M890P,ld.global.cg,1,39,256,312,8,13,200,199,1038336,4153344,1661337600,0.7622,0.74742,0.8059,2179.66,2029.97
8,ZW-M890P,ld.global.cg,1,39,512,312,8,6,200,199,958464,3833856,1533542400,0.69958,0.68737,0.73552,2192.09,2041.54
8,ZW-M890P,ld.global.cg,1,39,1024,312,8,3,200,199,958464,3833856,1533542400,0.70204,0.69652,0.71478,2184.41,2034.39
8,ZW-M890P,ld.global.cg,2,39,128,312,8,26,200,199,1038336,4153344,1661337600,0.76645,0.75311,0.77355,2167.57,2018.71
8,ZW-M890P,ld.global.cg,2,39,256,312,8,12,200,199,958464,3833856,1533542400,0.71556,0.69293,0.73748,2143.14,1995.95
8,ZW-M890P,ld.global.cg,2,39,512,312,8,6,200,199,958464,3833856,1533542400,0.70658,0.69112,0.73123,2170.37,2021.32
8,ZW-M890P,ld.global.cg,2,39,1024,312,8,2,200,199,638976,2555904,1022361600,0.46629,0.46393,0.4742,2192.54,2041.97
8,ZW-M890P,ld.global.cg,4,39,128,312,8,24,200,199,958464,3833856,1533542400,0.68935,0.68472,0.70949,2224.62,2071.84
8,ZW-M890P,ld.global.cg,4,39,256,312,8,12,200,199,958464,3833856,1533542400,0.7094,0.68829,0.71818,2161.75,2013.28
8,ZW-M890P,ld.global.cg,4,39,512,312,8,4,200,199,638976,2555904,1022361600,0.47322,0.45681,0.49477,2160.44,2012.06
8,ZW-M890P,ld.global.cg,4,39,1024,312,8,4,200,199,1277952,5111808,2044723200,0.94682,0.92832,0.96868,2159.57,2011.26
8,ZW-M890P,ld.global.cg,8,39,128,312,8,24,200,199,958464,3833856,1533542400,0.70609,0.6931,0.73751,2171.88,2022.72
8,ZW-M890P,ld.global.cg,8,39,256,312,8,8,200,199,638976,2555904,1022361600,0.46644,0.45853,0.48282,2191.84,2041.31
8,ZW-M890P,ld.global.cg,8,39,512,312,8,8,200,199,1277952,5111808,2044723200,0.93319,0.90702,0.94859,2191.11,2040.63
8,ZW-M890P,ld.global.cg,8,39,1024,312,8,8,200,199,2555904,10223616,4089446400,1.85867,1.80722,1.87848,2200.2,2049.1
8,ZW-M890P,ld.global.ca,1,39,128,312,8,26,200,199,1038336,4153344,1661337600,0.69012,0.67881,0.699,2407.32,2241.99
8,ZW-M890P,ld.global.ca,1,39,256,312,8,13,200,199,1038336,4153344,1661337600,0.72773,0.6899,0.7395,2282.9,2126.12
8,ZW-M890P,ld.global.ca,1,39,512,312,8,6,200,199,958464,3833856,1533542400,0.27536,0.26103,0.28954,5569.23,5186.75
8,ZW-M890P,ld.global.ca,1,39,1024,312,8,3,200,199,958464,3833856,1533542400,0.31189,0.31145,0.31583,4916.93,4579.25
8,ZW-M890P,ld.global.ca,2,39,128,312,8,26,200,199,1038336,4153344,1661337600,0.70643,0.69833,0.71381,2351.74,2190.23
8,ZW-M890P,ld.global.ca,2,39,256,312,8,12,200,199,958464,3833856,1533542400,0.5124,0.49635,0.53942,2992.86,2787.32
8,ZW-M890P,ld.global.ca,2,39,512,312,8,6,200,199,958464,3833856,1533542400,0.27967,0.26235,0.29532,5483.4,5106.81
8,ZW-M890P,ld.global.ca,2,39,1024,312,8,2,200,199,638976,2555904,1022361600,0.21128,0.21082,0.21824,4838.89,4506.57
8,ZW-M890P,ld.global.ca,4,39,128,312,8,24,200,199,958464,3833856,1533542400,0.5666,0.51373,0.58109,2706.57,2520.69
8,ZW-M890P,ld.global.ca,4,39,256,312,8,12,200,199,958464,3833856,1533542400,0.55895,0.52165,0.56941,2743.61,2555.19
8,ZW-M890P,ld.global.ca,4,39,512,312,8,4,200,199,638976,2555904,1022361600,0.11257,0.11184,0.11399,9082.01,8458.28
8,ZW-M890P,ld.global.ca,4,39,1024,312,8,4,200,199,1277952,5111808,2044723200,0.21989,0.21934,0.22565,9298.85,8660.23
8,ZW-M890P,ld.global.ca,8,39,128,312,8,24,200,199,958464,3833856,1533542400,0.54489,0.53868,0.55147,2814.41,2621.12
8,ZW-M890P,ld.global.ca,8,39,256,312,8,8,200,199,638976,2555904,1022361600,0.23427,0.2308,0.23746,4364.03,4064.32
8,ZW-M890P,ld.global.ca,8,39,512,312,8,8,200,199,1277952,5111808,2044723200,0.49962,0.44554,0.60088,4092.56,3811.49
8,ZW-M890P,ld.global.ca,8,39,1024,312,8,8,200,199,2555904,10223616,4089446400,0.85753,0.74528,0.97498,4768.87,4441.35
8,ZW-M890P,ld.global.cg,1,39,128,624,16,13,200,199,1038336,4153344,1661337600,0.80858,0.76261,0.82272,2054.64,1913.53
8,ZW-M890P,ld.global.cg,1,39,256,624,16,6,200,199,958464,3833856,1533542400,0.70189,0.68842,0.72282,2184.88,2034.82
8,ZW-M890P,ld.global.cg,1,39,512,624,16,3,200,199,958464,3833856,1533542400,0.70168,0.69517,0.71287,2185.53,2035.43
8,ZW-M890P,ld.global.cg,1,39,1024,624,16,1,200,199,638976,2555904,1022361600,0.66241,0.65957,0.67101,1543.4,1437.4
8,ZW-M890P,ld.global.cg,2,39,128,624,16,12,200,199,958464,3833856,1533542400,0.71105,0.6937,0.73874,2156.73,2008.61
8,ZW-M890P,ld.global.cg,2,39,256,624,16,6,200,199,958464,3833856,1533542400,0.70639,0.69093,0.73582,2170.96,2021.86
8,ZW-M890P,ld.global.cg,2,39,512,624,16,2,200,199,638976,2555904,1022361600,0.46807,0.46414,0.4763,2184.21,2034.2
8,ZW-M890P,ld.global.cg,2,39,1024,624,16,2,200,199,1277952,5111808,2044723200,0.95233,0.943,0.96458,2147.07,1999.62
8,ZW-M890P,ld.global.cg,4,39,128,624,16,12,200,199,958464,3833856,1533542400,0.7261,0.68989,0.73529,2112.03,1966.98
8,ZW-M890P,ld.global.cg,4,39,256,624,16,4,200,199,638976,2555904,1022361600,0.48933,0.45615,0.51319,2089.31,1945.82
8,ZW-M890P,ld.global.cg,4,39,512,624,16,4,200,199,1277952,5111808,2044723200,0.92919,0.91575,0.95665,2200.54,2049.42
8,ZW-M890P,ld.global.cg,4,39,1024,624,16,4,200,199,2555904,10223616,4089446400,1.85134,1.83559,1.86828,2208.91,2057.21
8,ZW-M890P,ld.global.cg,8,39,128,624,16,8,200,199,638976,2555904,1022361600,0.46843,0.45759,0.483,2182.53,2032.64
8,ZW-M890P,ld.global.cg,8,39,256,624,16,8,200,199,1277952,5111808,2044723200,0.93726,0.91165,0.95561,2181.6,2031.77
8,ZW-M890P,ld.global.cg,8,39,512,624,16,8,200,199,2555904,10223616,4089446400,1.86358,1.82897,1.88216,2194.4,2043.7
8,ZW-M890P,ld.global.cg,8,39,1024,624,16,8,200,199,5111808,20447232,8178892800,3.72565,3.68384,3.75253,2195.29,2044.53
8,ZW-M890P,ld.global.ca,1,39,128,624,16,13,200,199,1038336,4153344,1661337600,0.71488,0.64661,0.72998,2323.94,2164.34
8,ZW-M890P,ld.global.ca,1,39,256,624,16,6,200,199,958464,3833856,1533542400,0.28072,0.2681,0.29186,5462.89,5087.71
8,ZW-M890P,ld.global.ca,1,39,512,624,16,3,200,199,958464,3833856,1533542400,0.31136,0.3109,0.31253,4925.3,4587.05
8,ZW-M890P,ld.global.ca,1,39,1024,624,16,1,200,199,638976,2555904,1022361600,0.31558,0.31484,0.31941,3239.63,3017.14
8,ZW-M890P,ld.global.ca,2,39,128,624,16,12,200,199,958464,3833856,1533542400,0.51844,0.49551,0.53534,2957.99,2754.85
8,ZW-M890P,ld.global.ca,2,39,256,624,16,6,200,199,958464,3833856,1533542400,0.29469,0.27816,0.30711,5203.92,4846.53
8,ZW-M890P,ld.global.ca,2,39,512,624,16,2,200,199,638976,2555904,1022361600,0.21085,0.21033,0.21284,4848.76,4515.76
8,ZW-M890P,ld.global.ca,2,39,1024,624,16,2,200,199,1277952,5111808,2044723200,0.4171,0.4165,0.4222,4902.24,4565.56
8,ZW-M890P,ld.global.ca,4,39,128,624,16,12,200,199,958464,3833856,1533542400,0.47514,0.46179,0.51285,3227.56,3005.9
8,ZW-M890P,ld.global.ca,4,39,256,624,16,4,200,199,638976,2555904,1022361600,0.11268,0.11196,0.11429,9073.14,8450.02
8,ZW-M890P,ld.global.ca,4,39,512,624,16,4,200,199,1277952,5111808,2044723200,0.21926,0.21857,0.22082,9325.56,8685.11
8,ZW-M890P,ld.global.ca,4,39,1024,624,16,4,200,199,2555904,10223616,4089446400,0.43474,0.43356,0.44008,9406.65,8760.62
8,ZW-M890P,ld.global.ca,8,39,128,624,16,8,200,199,638976,2555904,1022361600,0.21752,0.2152,0.22161,4700.08,4377.29
8,ZW-M890P,ld.global.ca,8,39,256,624,16,8,200,199,1277952,5111808,2044723200,0.4562,0.41487,0.52135,4482.08,4174.26
8,ZW-M890P,ld.global.ca,8,39,512,624,16,8,200,199,2555904,10223616,4089446400,0.85008,0.76211,0.93003,4810.66,4480.28
8,ZW-M890P,ld.global.ca,8,39,1024,624,16,8,200,199,5111808,20447232,8178892800,1.66172,1.53112,1.81481,4921.94,4583.92
12,ZW-M890P,ld.global.cg,1,39,128,39,1,315,200,199,1572480,6289920,2515968000,5.49422,5.49025,5.51753,457.93,426.481
12,ZW-M890P,ld.global.cg,1,39,256,39,1,157,200,199,1567488,6269952,2507980800,2.7801,2.77843,2.7838,902.119,840.164
12,ZW-M890P,ld.global.cg,1,39,512,39,1,78,200,199,1557504,6230016,2492006400,1.43489,1.4326,1.44055,1736.72,1617.45
12,ZW-M890P,ld.global.cg,1,39,1024,39,1,39,200,199,1557504,6230016,2492006400,1.14241,1.12889,1.15811,2181.36,2031.55
12,ZW-M890P,ld.global.cg,2,39,128,39,1,314,200,199,1567488,6269952,2507980800,5.62236,5.62139,5.62953,446.073,415.437
12,ZW-M890P,ld.global.cg,2,39,256,39,1,156,200,199,1557504,6230016,2492006400,2.80614,2.80519,2.81107,888.055,827.066
12,ZW-M890P,ld.global.cg,2,39,512,39,1,78,200,199,1557504,6230016,2492006400,1.46983,1.46703,1.4764,1695.44,1579
12,ZW-M890P,ld.global.cg,2,39,1024,39,1,38,200,199,1517568,6070272,2428108800,1.11056,1.09353,1.13243,2186.38,2036.23
12,ZW-M890P,ld.global.cg,4,39,128,39,1,312,200,199,1557504,6230016,2492006400,5.37526,5.37403,5.38349,463.607,431.767
12,ZW-M890P,ld.global.cg,4,39,256,39,1,156,200,199,1557504,6230016,2492006400,2.69536,2.69409,2.70134,924.554,861.058
12,ZW-M890P,ld.global.cg,4,39,512,39,1,76,200,199,1517568,6070272,2428108800,1.36851,1.36595,1.37458,1774.27,1652.42
12,ZW-M890P,ld.global.cg,4,39,1024,39,1,36,200,199,1437696,5750784,2300313600,1.05374,1.03406,1.10114,2183,2033.08
12,ZW-M890P,ld.global.cg,8,39,128,39,1,312,200,199,1557504,6230016,2492006400,3.16343,3.16141,3.16896,787.755,733.654
12,ZW-M890P,ld.global.cg,8,39,256,39,1,152,200,199,1517568,6070272,2428108800,1.59573,1.59017,1.60326,1521.63,1417.13
12,ZW-M890P,ld.global.cg,8,39,512,39,1,72,200,199,1437696,5750784,2300313600,1.0612,1.05335,1.07334,2167.65,2018.78
12,ZW-M890P,ld.global.cg,8,39,1024,39,1,32,200,199,1277952,5111808,2044723200,0.93023,0.90479,0.9506,2198.08,2047.12
12,ZW-M890P,ld.global.ca,1,39,128,39,1,315,200,199,1572480,6289920,2515968000,5.61879,5.61551,5.62608,447.778,417.025
12,ZW-M890P,ld.global.ca,1,39,256,39,1,157,200,199,1567488,6269952,2507980800,2.84284,2.84042,2.84482,882.21,821.622
12,ZW-M890P,ld.global.ca,1,39,512,39,1,78,200,199,1557504,6230016,2492006400,1.46449,1.4623,1.46701,1701.62,1584.76
12,ZW-M890P,ld.global.ca,1,39,1024,39,1,39,200,199,1557504,6230016,2492006400,1.12448,1.11858,1.12881,2216.14,2063.94
12,ZW-M890P,ld.global.ca,2,39,128,39,1,314,200,199,1567488,6269952,2507980800,5.74663,5.74536,5.75393,436.426,406.454
12,ZW-M890P,ld.global.ca,2,39,256,39,1,156,200,199,1557504,6230016,2492006400,2.86594,2.86466,2.86752,869.525,809.808
12,ZW-M890P,ld.global.ca,2,39,512,39,1,78,200,199,1557504,6230016,2492006400,1.49862,1.49596,1.50272,1662.87,1548.67
12,ZW-M890P,ld.global.ca,2,39,1024,39,1,38,200,199,1517568,6070272,2428108800,1.09355,1.08847,1.10297,2220.39,2067.9
12,ZW-M890P,ld.global.ca,4,39,128,39,1,312,200,199,1557504,6230016,2492006400,5.50205,5.50083,5.50903,452.923,421.818
12,ZW-M890P,ld.global.ca,4,39,256,39,1,156,200,199,1557504,6230016,2492006400,2.77424,2.77235,2.82139,898.266,836.576
12,ZW-M890P,ld.global.ca,4,39,512,39,1,76,200,199,1517568,6070272,2428108800,1.39618,1.39391,1.40103,1739.11,1619.67
12,ZW-M890P,ld.global.ca,4,39,1024,39,1,36,200,199,1437696,5750784,2300313600,1.03879,1.03157,1.06187,2214.42,2062.34
12,ZW-M890P,ld.global.ca,8,39,128,39,1,312,200,199,1557504,6230016,2492006400,3.20392,3.2017,3.21059,777.799,724.382
12,ZW-M890P,ld.global.ca,8,39,256,39,1,152,200,199,1517568,6070272,2428108800,1.62297,1.61896,1.62796,1496.09,1393.34
12,ZW-M890P,ld.global.ca,8,39,512,39,1,72,200,199,1437696,5750784,2300313600,1.05686,1.05085,1.07043,2176.55,2027.07
12,ZW-M890P,ld.global.ca,8,39,1024,39,1,32,200,199,1277952,5111808,2044723200,0.9182,0.90519,0.94544,2226.88,2073.95
12,ZW-M890P,ld.global.cg,1,39,128,78,2,157,200,199,1567488,6269952,2507980800,2.77668,2.77493,2.78322,903.23,841.199
12,ZW-M890P,ld.global.cg,1,39,256,78,2,78,200,199,1557504,6230016,2492006400,1.44106,1.4373,1.44416,1729.29,1610.52
12,ZW-M890P,ld.global.cg,1,39,512,78,2,39,200,199,1557504,6230016,2492006400,1.14068,1.13149,1.15246,2184.67,2034.63
12,ZW-M890P,ld.global.cg,1,39,1024,78,2,19,200,199,1517568,6070272,2428108800,1.12973,1.09165,1.14375,2149.28,2001.68
12,ZW-M890P,ld.global.cg,2,39,128,78,2,156,200,199,1557504,6230016,2492006400,2.80341,2.80271,2.81201,888.92,827.871
12,ZW-M890P,ld.global.cg,2,39,256,78,2,78,200,199,1557504,6230016,2492006400,1.47606,1.47382,1.48285,1688.28,1572.34
12,ZW-M890P,ld.global.cg,2,39,512,78,2,38,200,199,1517568,6070272,2428108800,1.11934,1.10514,1.14323,2169.23,2020.26
12,ZW-M890P,ld.global.cg,2,39,1024,78,2,18,200,199,1437696,5750784,2300313600,1.05208,1.03999,1.0794,2186.44,2036.28
12,ZW-M890P,ld.global.cg,4,39,128,78,2,156,200,199,1557504,6230016,2492006400,2.7082,2.70729,2.71597,920.171,856.976
12,ZW-M890P,ld.global.cg,4,39,256,78,2,76,200,199,1517568,6070272,2428108800,1.36837,1.36507,1.37427,1774.45,1652.59
12,ZW-M890P,ld.global.cg,4,39,512,78,2,36,200,199,1437696,5750784,2300313600,1.10007,1.08602,1.12506,2091.06,1947.45
12,ZW-M890P,ld.global.cg,4,39,1024,78,2,16,200,199,1277952,5111808,2044723200,0.95981,0.95038,0.97229,2130.34,1984.04
12,ZW-M890P,ld.global.cg,8,39,128,78,2,152,200,199,1517568,6070272,2428108800,1.57977,1.57548,1.58466,1537,1431.44
12,ZW-M890P,ld.global.cg,8,39,256,78,2,72,200,199,1437696,5750784,2300313600,1.08393,1.0638,1.14442,2122.2,1976.45
12,ZW-M890P,ld.global.cg,8,39,512,78,2,32,200,199,1277952,5111808,2044723200,0.95814,0.91623,0.98366,2134.05,1987.49
12,ZW-M890P,ld.global.cg,8,39,1024,78,2,16,200,199,1277952,5111808,2044723200,0.9392,0.90909,0.94938,2177.09,2027.57
12,ZW-M890P,ld.global.ca,1,39,128,78,2,157,200,199,1567488,6269952,2507980800,2.82922,2.8274,2.84955,886.457,825.577
12,ZW-M890P,ld.global.ca,1,39,256,78,2,78,200,199,1557504,6230016,2492006400,1.46653,1.46473,1.4739,1699.25,1582.55
12,ZW-M890P,ld.global.ca,1,39,512,78,2,39,200,199,1557504,6230016,2492006400,1.12709,1.12178,1.13185,2211.01,2059.16
12,ZW-M890P,ld.global.ca,1,39,1024,78,2,19,200,199,1517568,6070272,2428108800,1.09058,1.06664,1.11766,2226.44,2073.53
12,ZW-M890P,ld.global.ca,2,39,128,78,2,156,200,199,1557504,6230016,2492006400,2.83741,2.836,2.84474,878.268,817.951
12,ZW-M890P,ld.global.ca,2,39,256,78,2,78,200,199,1557504,6230016,2492006400,1.49989,1.49797,1.50993,1661.46,1547.35
12,ZW-M890P,ld.global.ca,2,39,512,78,2,38,200,199,1517568,6070272,2428108800,1.10141,1.09565,1.10714,2204.55,2053.14
12,ZW-M890P,ld.global.ca,2,39,1024,78,2,18,200,199,1437696,5750784,2300313600,1.05091,1.00824,1.06137,2188.88,2038.55
12,ZW-M890P,ld.global.ca,4,39,128,78,2,156,200,199,1557504,6230016,2492006400,2.75777,2.75656,2.7646,903.631,841.572
12,ZW-M890P,ld.global.ca,4,39,256,78,2,76,200,199,1517568,6070272,2428108800,1.39144,1.38967,1.39444,1745.03,1625.19
12,ZW-M890P,ld.global.ca,4,39,512,78,2,36,200,199,1437696,5750784,2300313600,1.03817,1.03188,1.04648,2215.74,2063.57
12,ZW-M890P,ld.global.ca,4,39,1024,78,2,16,200,199,1277952,5111808,2044723200,0.93948,0.92022,0.94841,2176.44,2026.97
12,ZW-M890P,ld.global.ca,8,39,128,78,2,152,200,199,1517568,6070272,2428108800,1.6057,1.60373,1.60876,1512.18,1408.33
12,ZW-M890P,ld.global.ca,8,39,256,78,2,72,200,199,1437696,5750784,2300313600,1.0643,1.04833,1.08859,2161.34,2012.9
12,ZW-M890P,ld.global.ca,8,39,512,78,2,32,200,199,1277952,5111808,2044723200,0.95059,0.90619,0.9667,2151,2003.28
12,ZW-M890P,ld.global.ca,8,39,1024,78,2,16,200,199,1277952,5111808,2044723200,0.92688,0.90175,0.94688,2206.03,2054.52
12,ZW-M890P,ld.global.cg,1,39,128,156,4,78,200,199,1557504,6230016,2492006400,1.43274,1.4309,1.43943,1739.33,1619.88
12,ZW-M890P,ld.global.cg,1,39,256,156,4,39,200,199,1557504,6230016,2492006400,1.14617,1.13349,1.15678,2174.2,2024.88
12,ZW-M890P,ld.global.cg,1,39,512,156,4,19,200,199,1517568,6070272,2428108800,1.12526,1.08349,1.14224,2157.82,2009.63
12,ZW-M890P,ld.global.cg,1,39,1024,156,4,9,200,199,1437696,5750784,2300313600,1.05845,1.03151,1.08304,2173.29,2024.03
12,ZW-M890P,ld.global.cg,2,39,128,156,4,78,200,199,1557504,6230016,2492006400,1.47243,1.47033,1.47563,1692.44,1576.21
12,ZW-M890P,ld.global.cg,2,39,256,156,4,38,200,199,1517568,6070272,2428108800,1.11201,1.09718,1.13086,2183.53,2033.57
12,ZW-M890P,ld.global.cg,2,39,512,156,4,18,200,199,1437696,5750784,2300313600,1.06724,1.03583,1.08926,2155.39,2007.36
12,ZW-M890P,ld.global.cg,2,39,1024,156,4,8,200,199,1277952,5111808,2044723200,0.94175,0.92014,0.95883,2171.2,2022.08
12,ZW-M890P,ld.global.cg,4,39,128,156,4,76,200,199,1517568,6070272,2428108800,1.3602,1.35804,1.36426,1785.11,1662.51
12,ZW-M890P,ld.global.cg,4,39,256,156,4,36,200,199,1437696,5750784,2300313600,1.04703,1.03349,1.06821,2196.99,2046.11
12,ZW-M890P,ld.global.cg,4,39,512,156,4,16,200,199,1277952,5111808,2044723200,0.95254,0.93711,0.97264,2146.6,1999.18
12,ZW-M890P,ld.global.cg,4,39,1024,156,4,8,200,199,1277952,5111808,2044723200,0.94613,0.92583,0.96596,2161.14,2012.72
12,ZW-M890P,ld.global.cg,8,39,128,156,4,72,200,199,1437696,5750784,2300313600,1.04311,1.03625,1.05459,2205.25,2053.79
12,ZW-M890P,ld.global.cg,8,39,256,156,4,32,200,199,1277952,5111808,2044723200,0.97304,0.9209,1.00427,2101.38,1957.06
12,ZW-M890P,ld.global.cg,8,39,512,156,4,16,200,199,1277952,5111808,2044723200,0.93512,0.90414,0.94609,2186.59,2036.42
12,ZW-M890P,ld.global.cg,8,39,1024,156,4,8,200,199,1277952,5111808,2044723200,0.93173,0.9022,0.94673,2194.54,2043.83
12,ZW-M890P,ld.global.ca,1,39,128,156,4,78,200,199,1557504,6230016,2492006400,1.4569,1.45499,1.45953,1710.49,1593.01
12,ZW-M890P,ld.global.ca,1,39,256,156,4,39,200,199,1557504,6230016,2492006400,1.126,1.12023,1.13404,2213.15,2061.16
12,ZW-M890P,ld.global.ca,1,39,512,156,4,19,200,199,1517568,6070272,2428108800,1.08525,1.07037,1.10698,2237.37,2083.72
12,ZW-M890P,ld.global.ca,1,39,1024,156,4,9,200,199,1437696,5750784,2300313600,0.45277,0.40722,0.53161,5080.53,4731.62
12,ZW-M890P,ld.global.ca,2,39,128,156,4,78,200,199,1557504,6230016,2492006400,1.49152,1.49036,1.49453,1670.78,1556.04
12,ZW-M890P,ld.global.ca,2,39,256,156,4,38,200,199,1517568,6070272,2428108800,1.09574,1.08843,1.10485,2215.95,2063.77
12,ZW-M890P,ld.global.ca,2,39,512,156,4,18,200,199,1437696,5750784,2300313600,1.00518,0.99425,1.0393,2288.46,2131.29
12,ZW-M890P,ld.global.ca,2,39,1024,156,4,8,200,199,1277952,5111808,2044723200,0.38091,0.34139,0.53294,5368,4999.34
12,ZW-M890P,ld.global.ca,4,39,128,156,4,76,200,199,1517568,6070272,2428108800,1.3829,1.38159,1.3882,1755.81,1635.22
12,ZW-M890P,ld.global.ca,4,39,256,156,4,36,200,199,1437696,5750784,2300313600,1.03785,1.02931,1.04987,2216.42,2064.2
12,ZW-M890P,ld.global.ca,4,39,512,156,4,16,200,199,1277952,5111808,2044723200,0.955,0.88337,0.96543,2141.07,1994.03
12,ZW-M890P,ld.global.ca,4,39,1024,156,4,8,200,199,1277952,5111808,2044723200,0.35384,0.29323,0.51342,5778.67,5381.8
12,ZW-M890P,ld.global.ca,8,39,128,156,4,72,200,199,1437696,5750784,2300313600,1.03943,1.031,1.05178,2213.05,2061.07
12,ZW-M890P,ld.global.ca,8,39,256,156,4,32,200,199,1277952,5111808,2044723200,0.92834,0.8898,0.94473,2202.56,2051.29
12,ZW-M890P,ld.global.ca,8,39,512,156,4,16,200,199,1277952,5111808,2044723200,0.92358,0.90414,0.93915,2213.91,2061.86
12,ZW-M890P,ld.global.ca,8,39,1024,156,4,8,200,199,1277952,5111808,2044723200,0.45593,0.36678,0.57727,4484.73,4176.73
12,ZW-M890P,ld.global.cg,1,39,128,312,8,39,200,199,1557504,6230016,2492006400,1.14744,1.13069,1.16129,2171.8,2022.64
12,ZW-M890P,ld.global.cg,1,39,256,312,8,19,200,199,1517568,6070272,2428108800,1.1289,1.09747,1.14611,2150.86,2003.15
12,ZW-M890P,ld.global.cg,1,39,512,312,8,9,200,199,1437696,5750784,2300313600,1.05688,1.0332,1.09345,2176.51,2027.04
12,ZW-M890P,ld.global.cg,1,39,1024,312,8,4,200,199,1277952,5111808,2044723200,0.94058,0.93005,0.97829,2173.9,2024.6
12,ZW-M890P,ld.global.cg,2,39,128,312,8,38,200,199,1517568,6070272,2428108800,1.11783,1.0982,1.15943,2172.16,2022.98
12,ZW-M890P,ld.global.cg,2,39,256,312,8,18,200,199,1437696,5750784,2300313600,1.03511,1.02433,1.08526,2222.29,2069.67
12,ZW-M890P,ld.global.cg,2,39,512,312,8,8,200,199,1277952,5111808,2044723200,0.94566,0.92094,0.97045,2162.22,2013.72
12,ZW-M890P,ld.global.cg,2,39,1024,312,8,4,200,199,1277952,5111808,2044723200,0.94063,0.93138,0.97374,2173.78,2024.49
12,ZW-M890P,ld.global.cg,4,39,128,312,8,36,200,199,1437696,5750784,2300313600,1.05551,1.0366,1.10905,2179.34,2029.67
12,ZW-M890P,ld.global.cg,4,39,256,312,8,16,200,199,1277952,5111808,2044723200,0.9261,0.902,0.95154,2207.89,2056.25
12,ZW-M890P,ld.global.cg,4,39,512,312,8,8,200,199,1277952,5111808,2044723200,0.93944,0.91088,0.96675,2176.53,2027.06
12,ZW-M890P,ld.global.cg,4,39,1024,312,8,4,200,199,1277952,5111808,2044723200,0.94249,0.92469,0.969,2169.49,2020.5
12,ZW-M890P,ld.global.cg,8,39,128,312,8,32,200,199,1277952,5111808,2044723200,0.92085,0.90903,0.95519,2220.47,2067.98
12,ZW-M890P,ld.global.cg,8,39,256,312,8,16,200,199,1277952,5111808,2044723200,0.94979,0.93338,0.95734,2152.82,2004.97
12,ZW-M890P,ld.global.cg,8,39,512,312,8,8,200,199,1277952,5111808,2044723200,0.93901,0.91073,0.94989,2177.53,2027.98
12,ZW-M890P,ld.global.cg,8,39,1024,312,8,8,200,199,2555904,10223616,4089446400,1.84914,1.80913,1.88139,2211.54,2059.66
12,ZW-M890P,ld.global.ca,1,39,128,312,8,39,200,199,1557504,6230016,2492006400,1.12203,1.11653,1.12917,2220.98,2068.45
12,ZW-M890P,ld.global.ca,1,39,256,312,8,19,200,199,1517568,6070272,2428108800,1.09742,1.06405,1.11635,2212.56,2060.61
12,ZW-M890P,ld.global.ca,1,39,512,312,8,9,200,199,1437696,5750784,2300313600,0.54842,0.48457,0.62002,4194.44,3906.37
12,ZW-M890P,ld.global.ca,1,39,1024,312,8,4,200,199,1277952,5111808,2044723200,0.22015,0.2196,0.2229,9287.86,8650
12,ZW-M890P,ld.global.ca,2,39,128,312,8,38,200,199,1517568,6070272,2428108800,1.09411,1.08668,1.09974,2219.25,2066.84
12,ZW-M890P,ld.global.ca,2,39,256,312,8,18,200,199,1437696,5750784,2300313600,1.01464,1.00486,1.06371,2267.12,2111.42
12,ZW-M890P,ld.global.ca,2,39,512,312,8,8,200,199,1277952,5111808,2044723200,0.41167,0.38055,0.48002,4966.9,4625.78
12,ZW-M890P,ld.global.ca,2,39,1024,312,8,4,200,199,1277952,5111808,2044723200,0.26962,0.26877,0.27427,7583.72,7062.89
12,ZW-M890P,ld.global.ca,4,39,128,312,8,36,200,199,1437696,5750784,2300313600,1.02941,1.01436,1.0371,2234.59,2081.13
12,ZW-M890P,ld.global.ca,4,39,256,312,8,16,200,199,1277952,5111808,2044723200,0.93299,0.88034,0.9422,2191.58,2041.07
12,ZW-M890P,ld.global.ca,4,39,512,312,8,8,200,199,1277952,5111808,2044723200,0.45307,0.38518,0.53455,4513.04,4203.1
12,ZW-M890P,ld.global.ca,4,39,1024,312,8,4,200,199,1277952,5111808,2044723200,0.21998,0.21928,0.22157,9295.04,8656.68
12,ZW-M890P,ld.global.ca,8,39,128,312,8,32,200,199,1277952,5111808,2044723200,0.91986,0.8836,0.94031,2222.86,2070.2
12,ZW-M890P,ld.global.ca,8,39,256,312,8,16,200,199,1277952,5111808,2044723200,0.92853,0.90946,0.94245,2202.11,2050.87
12,ZW-M890P,ld.global.ca,8,39,512,312,8,8,200,199,1277952,5111808,2044723200,0.45954,0.38428,0.53349,4449.5,4143.92
12,ZW-M890P,ld.global.ca,8,39,1024,312,8,8,200,199,2555904,10223616,4089446400,0.91498,0.82121,1.04433,4469.44,4162.49
12,ZW-M890P,ld.global.cg,1,39,128,624,16,19,200,199,1517568,6070272,2428108800,1.10265,1.09028,1.17006,2202.07,2050.83
12,ZW-M890P,ld.global.cg,1,39,256,624,16,9,200,199,1437696,5750784,2300313600,1.06071,1.03851,1.10184,2168.65,2019.72
12,ZW-M890P,ld.global.cg,1,39,512,624,16,4,200,199,1277952,5111808,2044723200,0.93196,0.91868,0.96958,2194,2043.32
12,ZW-M890P,ld.global.cg,1,39,1024,624,16,2,200,199,1277952,5111808,2044723200,0.94561,0.93898,0.95529,2162.33,2013.83
12,ZW-M890P,ld.global.cg,2,39,128,624,16,18,200,199,1437696,5750784,2300313600,1.06443,1.03985,1.08799,2161.08,2012.66
12,ZW-M890P,ld.global.cg,2,39,256,624,16,8,200,199,1277952,5111808,2044723200,0.92373,0.908,0.94833,2213.55,2061.53
12,ZW-M890P,ld.global.cg,2,39,512,624,16,4,200,199,1277952,5111808,2044723200,0.93046,0.91758,0.95443,2197.54,2046.62
12,ZW-M890P,ld.global.cg,2,39,1024,624,16,2,200,199,1277952,5111808,2044723200,0.95205,0.94517,0.9604,2147.71,2000.21
12,ZW-M890P,ld.global.cg,4,39,128,624,16,16,200,199,1277952,5111808,2044723200,0.94223,0.91241,0.95643,2170.09,2021.05
12,ZW-M890P,ld.global.cg,4,39,256,624,16,8,200,199,1277952,5111808,2044723200,0.93294,0.90827,0.9553,2191.7,2041.18
12,ZW-M890P,ld.global.cg,4,39,512,624,16,4,200,199,1277952,5111808,2044723200,0.93182,0.9168,0.968,2194.33,2043.63
12,ZW-M890P,ld.global.cg,4,39,1024,624,16,4,200,199,2555904,10223616,4089446400,1.88108,1.85803,1.90397,2173.99,2024.68
12,ZW-M890P,ld.global.cg,8,39,128,624,16,16,200,199,1277952,5111808,2044723200,0.94893,0.91366,0.95828,2154.77,2006.78
12,ZW-M890P,ld.global.cg,8,39,256,624,16,8,200,199,1277952,5111808,2044723200,0.93586,0.91158,0.95471,2184.86,2034.81
12,ZW-M890P,ld.global.cg,8,39,512,624,16,8,200,199,2555904,10223616,4089446400,1.85534,1.80526,1.88089,2204.15,2052.77
12,ZW-M890P,ld.global.cg,8,39,1024,624,16,8,200,199,5111808,20447232,8178892800,3.71349,3.6682,3.766,2202.48,2051.22
12,ZW-M890P,ld.global.ca,1,39,128,624,16,19,200,199,1517568,6070272,2428108800,1.06107,1.0527,1.11739,2288.36,2131.2
12,ZW-M890P,ld.global.ca,1,39,256,624,16,9,200,199,1437696,5750784,2300313600,0.4996,0.46763,0.54745,4604.31,4288.1
12,ZW-M890P,ld.global.ca,1,39,512,624,16,4,200,199,1277952,5111808,2044723200,0.21984,0.21927,0.22535,9300.96,8662.19
12,ZW-M890P,ld.global.ca,1,39,1024,624,16,2,200,199,1277952,5111808,2044723200,0.4182,0.41761,0.41963,4889.34,4553.56
12,ZW-M890P,ld.global.ca,2,39,128,624,16,18,200,199,1437696,5750784,2300313600,0.99405,0.98863,1.05947,2314.08,2155.16
12,ZW-M890P,ld.global.ca,2,39,256,624,16,8,200,199,1277952,5111808,2044723200,0.42299,0.39561,0.46635,4833.98,4501.99
12,ZW-M890P,ld.global.ca,2,39,512,624,16,4,200,199,1277952,5111808,2044723200,0.26908,0.26823,0.27172,7598.94,7077.07
12,ZW-M890P,ld.global.ca,2,39,1024,624,16,2,200,199,1277952,5111808,2044723200,0.41711,0.41659,0.41867,4902.12,4565.45
12,ZW-M890P,ld.global.ca,4,39,128,624,16,16,200,199,1277952,5111808,2044723200,0.91053,0.86365,0.9266,2245.64,2091.42
12,ZW-M890P,ld.global.ca,4,39,256,624,16,8,200,199,1277952,5111808,2044723200,0.40798,0.37048,0.45091,5011.82,4667.62
12,ZW-M890P,ld.global.ca,4,39,512,624,16,4,200,199,1277952,5111808,2044723200,0.21916,0.21862,0.22049,9329.82,8689.07
12,ZW-M890P,ld.global.ca,4,39,1024,624,16,4,200,199,2555904,10223616,4089446400,0.4342,0.43353,0.43842,9418.35,8771.52
12,ZW-M890P,ld.global.ca,8,39,128,624,16,16,200,199,1277952,5111808,2044723200,0.91586,0.88169,0.93173,2232.57,2079.24
12,ZW-M890P,ld.global.ca,8,39,256,624,16,8,200,199,1277952,5111808,2044723200,0.45015,0.38987,0.50445,4542.32,4230.36
12,ZW-M890P,ld.global.ca,8,39,512,624,16,8,200,199,2555904,10223616,4089446400,0.98068,0.8583,1.07731,4170.01,3883.63
12,ZW-M890P,ld.global.ca,8,39,1024,624,16,8,200,199,5111808,20447232,8178892800,1.6732,1.54335,1.85622,4888.17,4552.47
24,ZW-M890P,ld.global.cg,1,39,128,39,1,630,200,199,3144960,12579840,5031936000,10.8366,10.8339,10.842,464.346,432.456
24,ZW-M890P,ld.global.cg,1,39,256,39,1,315,200,199,3144960,12579840,5031936000,5.53623,5.53471,5.54267,908.91,846.489
24,ZW-M890P,ld.global.cg,1,39,512,39,1,157,200,199,3134976,12539904,5015961600,2.86577,2.85813,2.87577,1750.3,1630.1
24,ZW-M890P,ld.global.cg,1,39,1024,39,1,78,200,199,3115008,12460032,4984012800,2.26096,2.24048,2.29529,2204.38,2052.99
24,ZW-M890P,ld.global.cg,2,39,128,39,1,630,200,199,3144960,12579840,5031936000,10.9726,10.9711,10.9785,458.592,427.097
24,ZW-M890P,ld.global.cg,2,39,256,39,1,314,200,199,3134976,12539904,5015961600,5.63706,5.6352,5.64343,889.819,828.708
24,ZW-M890P,ld.global.cg,2,39,512,39,1,156,200,199,3115008,12460032,4984012800,2.83439,2.83065,2.8438,1758.41,1637.64
24,ZW-M890P,ld.global.cg,2,39,1024,39,1,78,200,199,3115008,12460032,4984012800,2.26629,2.25071,2.31653,2199.19,2048.16
24,ZW-M890P,ld.global.cg,4,39,128,39,1,628,200,199,3134976,12539904,5015961600,10.7446,10.7425,10.7513,466.837,434.776
24,ZW-M890P,ld.global.cg,4,39,256,39,1,312,200,199,3115008,12460032,4984012800,5.40748,5.40585,5.41482,921.689,858.389
24,ZW-M890P,ld.global.cg,4,39,512,39,1,156,200,199,3115008,12460032,4984012800,2.78676,2.77467,2.79527,1788.46,1665.63
24,ZW-M890P,ld.global.cg,4,39,1024,39,1,76,200,199,3035136,12140544,4856217600,2.20718,2.16466,2.29203,2200.19,2049.09
24,ZW-M890P,ld.global.cg,8,39,128,39,1,624,200,199,3115008,12460032,4984012800,6.31383,6.31142,6.31881,789.38,735.168
24,ZW-M890P,ld.global.cg,8,39,256,39,1,312,200,199,3115008,12460032,4984012800,3.25514,3.24808,3.26439,1531.12,1425.97
24,ZW-M890P,ld.global.cg,8,39,512,39,1,152,200,199,3035136,12140544,4856217600,2.20779,2.19867,2.22144,2199.58,2048.52
24,ZW-M890P,ld.global.cg,8,39,1024,39,1,72,200,199,2875392,11501568,4600627200,2.09799,2.03938,2.13716,2192.87,2042.27
24,ZW-M890P,ld.global.ca,1,39,128,39,1,630,200,199,3144960,12579840,5031936000,11.106,11.1022,11.1157,453.085,421.968
24,ZW-M890P,ld.global.ca,1,39,256,39,1,315,200,199,3144960,12579840,5031936000,5.66497,5.66237,5.67437,888.255,827.252
24,ZW-M890P,ld.global.ca,1,39,512,39,1,157,200,199,3134976,12539904,5015961600,2.86909,2.86533,2.8765,1748.28,1628.21
24,ZW-M890P,ld.global.ca,1,39,1024,39,1,78,200,199,3115008,12460032,4984012800,2.25202,2.23592,2.28813,2213.13,2061.14
24,ZW-M890P,ld.global.ca,2,39,128,39,1,630,200,199,3144960,12579840,5031936000,11.2409,11.2385,11.2486,447.646,416.903
24,ZW-M890P,ld.global.ca,2,39,256,39,1,314,200,199,3134976,12539904,5015961600,5.77291,5.77007,5.78002,868.879,809.207
24,ZW-M890P,ld.global.ca,2,39,512,39,1,156,200,199,3115008,12460032,4984012800,2.93538,2.93022,2.94043,1697.91,1581.3
24,ZW-M890P,ld.global.ca,2,39,1024,39,1,78,200,199,3115008,12460032,4984012800,2.26665,2.2509,2.33034,2198.85,2047.83
24,ZW-M890P,ld.global.ca,4,39,128,39,1,628,200,199,3134976,12539904,5015961600,11.0587,11.057,11.0655,453.577,422.427
24,ZW-M890P,ld.global.ca,4,39,256,39,1,312,200,199,3115008,12460032,4984012800,5.50879,5.50636,5.51441,904.738,842.603
24,ZW-M890P,ld.global.ca,4,39,512,39,1,156,200,199,3115008,12460032,4984012800,2.81309,2.80876,2.81934,1771.72,1650.04
24,ZW-M890P,ld.global.ca,4,39,1024,39,1,76,200,199,3035136,12140544,4856217600,2.18152,2.15635,2.221,2226.07,2073.19
24,ZW-M890P,ld.global.ca,8,39,128,39,1,624,200,199,3115008,12460032,4984012800,6.40106,6.39727,6.40997,778.623,725.149
24,ZW-M890P,ld.global.ca,8,39,256,39,1,312,200,199,3115008,12460032,4984012800,3.31968,3.31342,3.32684,1501.35,1398.24
24,ZW-M890P,ld.global.ca,8,39,512,39,1,152,200,199,3035136,12140544,4856217600,2.20314,2.19235,2.22066,2204.23,2052.85
24,ZW-M890P,ld.global.ca,8,39,1024,39,1,72,200,199,2875392,11501568,4600627200,2.11066,2.05266,2.15793,2179.71,2030.01
24,ZW-M890P,ld.global.cg,1,39,128,78,2,315,200,199,3144960,12579840,5031936000,5.51968,5.51762,5.5346,911.635,849.027
24,ZW-M890P,ld.global.cg,1,39,256,78,2,157,200,199,3134976,12539904,5015961600,2.85732,2.85407,2.86348,1755.48,1634.92
24,ZW-M890P,ld.global.cg,1,39,512,78,2,78,200,199,3115008,12460032,4984012800,2.3025,2.27527,2.33105,2164.61,2015.95
24,ZW-M890P,ld.global.cg,1,39,1024,78,2,39,200,199,3115008,12460032,4984012800,2.28269,2.2311,2.53922,2183.39,2033.44
24,ZW-M890P,ld.global.cg,2,39,128,78,2,314,200,199,3134976,12539904,5015961600,5.63179,5.63055,5.63886,890.651,829.484
24,ZW-M890P,ld.global.cg,2,39,256,78,2,156,200,199,3115008,12460032,4984012800,2.86291,2.85801,2.86799,1740.89,1621.33
24,ZW-M890P,ld.global.cg,2,39,512,78,2,78,200,199,3115008,12460032,4984012800,3.18163,2.2703,3.2081,1566.5,1458.91
24,ZW-M890P,ld.global.cg,2,39,1024,78,2,38,200,199,3035136,12140544,4856217600,3.14916,2.25406,3.17717,1542.07,1436.16
24,ZW-M890P,ld.global.cg,4,39,128,78,2,312,200,199,3115008,12460032,4984012800,5.38714,5.385,5.39491,925.169,861.63
24,ZW-M890P,ld.global.cg,4,39,256,78,2,156,200,199,3115008,12460032,4984012800,2.79534,2.79167,2.80508,1782.97,1660.52
24,ZW-M890P,ld.global.cg,4,39,512,78,2,76,200,199,3035136,12140544,4856217600,2.2439,2.22709,2.26595,2164.19,2015.56
24,ZW-M890P,ld.global.cg,4,39,1024,78,2,36,200,199,2875392,11501568,4600627200,2.10267,2.06635,2.14097,2187.99,2037.73
24,ZW-M890P,ld.global.cg,8,39,128,78,2,312,200,199,3115008,12460032,4984012800,3.2284,3.2244,3.23563,1543.8,1437.78
24,ZW-M890P,ld.global.cg,8,39,256,78,2,152,200,199,3035136,12140544,4856217600,2.28466,2.2585,2.31616,2125.58,1979.6
24,ZW-M890P,ld.global.cg,8,39,512,78,2,72,200,199,2875392,11501568,4600627200,2.06933,2.03756,2.16354,2223.24,2070.56
24,ZW-M890P,ld.global.cg,8,39,1024,78,2,32,200,199,2555904,10223616,4089446400,1.88096,1.86237,1.89386,2174.13,2024.81
24,ZW-M890P,ld.global.ca,1,39,128,78,2,315,200,199,3144960,12579840,5031936000,5.65259,5.65087,5.65966,890.2,829.063
24,ZW-M890P,ld.global.ca,1,39,256,78,2,157,200,199,3134976,12539904,5015961600,2.91412,2.91124,2.91765,1721.26,1603.05
24,ZW-M890P,ld.global.ca,1,39,512,78,2,78,200,199,3115008,12460032,4984012800,2.26668,2.25321,2.30262,2198.82,2047.81
24,ZW-M890P,ld.global.ca,1,39,1024,78,2,39,200,199,3115008,12460032,4984012800,2.29182,2.23862,2.31399,2174.7,2025.34
24,ZW-M890P,ld.global.ca,2,39,128,78,2,314,200,199,3134976,12539904,5015961600,5.76208,5.76014,5.76968,870.512,810.728
24,ZW-M890P,ld.global.ca,2,39,256,78,2,156,200,199,3115008,12460032,4984012800,2.92288,2.91934,2.92971,1705.17,1588.07
24,ZW-M890P,ld.global.ca,2,39,512,78,2,78,200,199,3115008,12460032,4984012800,2.26944,2.25266,2.31743,2196.14,2045.32
24,ZW-M890P,ld.global.ca,2,39,1024,78,2,38,200,199,3035136,12140544,4856217600,2.23548,2.19973,2.26475,2172.34,2023.15
24,ZW-M890P,ld.global.ca,4,39,128,78,2,312,200,199,3115008,12460032,4984012800,5.51784,5.51584,5.54783,903.254,841.221
24,ZW-M890P,ld.global.ca,4,39,256,78,2,156,200,199,3115008,12460032,4984012800,2.85416,2.84989,2.86038,1746.23,1626.3
24,ZW-M890P,ld.global.ca,4,39,512,78,2,76,200,199,3035136,12140544,4856217600,2.30163,2.25499,2.34009,2109.9,1965
24,ZW-M890P,ld.global.ca,4,39,1024,78,2,36,200,199,2875392,11501568,4600627200,2.11329,2.069,2.15454,2177,2027.49
24,ZW-M890P,ld.global.ca,8,39,128,78,2,312,200,199,3115008,12460032,4984012800,3.29191,3.28859,3.301,1514.02,1410.04
24,ZW-M890P,ld.global.ca,8,39,256,78,2,152,200,199,3035136,12140544,4856217600,2.24186,2.22601,2.26686,2166.16,2017.39
24,ZW-M890P,ld.global.ca,8,39,512,78,2,72,200,199,2875392,11501568,4600627200,2.07925,2.03836,2.15482,2212.64,2060.68
24,ZW-M890P,ld.global.ca,8,39,1024,78,2,32,200,199,2555904,10223616,4089446400,1.87272,1.82238,1.9015,2183.69,2033.72
24,ZW-M890P,ld.global.cg,1,39,128,156,4,157,200,199,3134976,12539904,5015961600,2.84279,2.83846,2.85128,1764.45,1643.27
24,ZW-M890P,ld.global.cg,1,39,256,156,4,78,200,199,3115008,12460032,4984012800,2.28974,2.24585,2.32406,2176.67,2027.18
24,ZW-M890P,ld.global.cg,1,39,512,156,4,39,200,199,3115008,12460032,4984012800,2.31191,2.23385,2.33723,2155.8,2007.74
24,ZW-M890P,ld.global.cg,1,39,1024,156,4,19,200,199,3035136,12140544,4856217600,2.24807,2.18342,2.28203,2160.17,2011.82
24,ZW-M890P,ld.global.cg,2,39,128,156,4,156,200,199,3115008,12460032,4984012800,2.85906,2.85743,2.86527,1743.23,1623.51
24,ZW-M890P,ld.global.cg,2,39,256,156,4,78,200,199,3115008,12460032,4984012800,2.28631,2.24339,2.31656,2179.94,2030.22
24,ZW-M890P,ld.global.cg,2,39,512,156,4,38,200,199,3035136,12140544,4856217600,2.25808,2.19869,2.27288,2150.6,2002.9
24,ZW-M890P,ld.global.cg,2,39,1024,156,4,18,200,199,2875392,11501568,4600627200,2.116,2.05158,2.16117,2174.21,2024.89
24,ZW-M890P,ld.global.cg,4,39,128,156,4,156,200,199,3115008,12460032,4984012800,2.76888,2.76579,2.77624,1800.01,1676.39
24,ZW-M890P,ld.global.cg,4,39,256,156,4,76,200,199,3035136,12140544,4856217600,2.20154,2.18147,2.22465,2205.83,2054.34
24,ZW-M890P,ld.global.cg,4,39,512,156,4,36,200,199,2875392,11501568,4600627200,2.15375,2.13672,2.17624,2136.1,1989.4
24,ZW-M890P,ld.global.cg,4,39,1024,156,4,16,200,199,2555904,10223616,4089446400,1.87508,1.84443,1.89832,2180.95,2031.16
24,ZW-M890P,ld.global.cg,8,39,128,156,4,152,200,199,3035136,12140544,4856217600,2.20468,2.18399,2.23478,2202.69,2051.41
24,ZW-M890P,ld.global.cg,8,39,256,156,4,72,200,199,2875392,11501568,4600627200,2.17663,2.04209,2.21443,2113.65,1968.49
24,ZW-M890P,ld.global.cg,8,39,512,156,4,32,200,199,2555904,10223616,4089446400,1.88562,1.86268,1.89857,2168.75,2019.81
24,ZW-M890P,ld.global.cg,8,39,1024,156,4,16,200,199,2555904,10223616,4089446400,1.88019,1.86309,1.89025,2175.02,2025.64
24,ZW-M890P,ld.global.ca,1,39,128,156,4,157,200,199,3134976,12539904,5015961600,2.90089,2.89699,2.9082,1729.11,1610.36
24,ZW-M890P,ld.global.ca,1,39,256,156,4,78,200,199,3115008,12460032,4984012800,2.25824,2.24075,2.28646,2207.03,2055.46
24,ZW-M890P,ld.global.ca,1,39,512,156,4,39,200,199,3115008,12460032,4984012800,2.30453,2.26208,2.31674,2162.7,2014.17
24,ZW-M890P,ld.global.ca,1,39,1024,156,4,19,200,199,3035136,12140544,4856217600,2.20925,2.13809,2.23327,2198.13,2047.17
24,ZW-M890P,ld.global.ca,2,39,128,156,4,156,200,199,3115008,12460032,4984012800,2.90214,2.90071,2.90853,1717.36,1599.41
24,ZW-M890P,ld.global.ca,2,39,256,156,4,78,200,199,3115008,12460032,4984012800,2.25956,2.24301,2.27783,2205.74,2054.26
24,ZW-M890P,ld.global.ca,2,39,512,156,4,38,200,199,3035136,12140544,4856217600,2.23905,2.21652,2.25398,2168.87,2019.92
24,ZW-M890P,ld.global.ca,2,39,1024,156,4,18,200,199,2875392,11501568,4600627200,2.08149,2.00475,2.10267,2210.26,2058.46
24,ZW-M890P,ld.global.ca,4,39,128,156,4,156,200,199,3115008,12460032,4984012800,2.82866,2.82625,2.83441,1761.97,1640.96
24,ZW-M890P,ld.global.ca,4,39,256,156,4,76,200,199,3035136,12140544,4856217600,2.19464,2.17662,2.21107,2212.76,2060.8
24,ZW-M890P,ld.global.ca,4,39,512,156,4,36,200,199,2875392,11501568,4600627200,2.13969,2.09557,2.1609,2150.14,2002.47
24,ZW-M890P,ld.global.ca,4,39,1024,156,4,16,200,199,2555904,10223616,4089446400,1.84961,1.81988,1.87067,2210.98,2059.13
24,ZW-M890P,ld.global.ca,8,39,128,156,4,152,200,199,3035136,12140544,4856217600,2.19414,2.17531,2.21399,2213.27,2061.27
24,ZW-M890P,ld.global.ca,8,39,256,156,4,72,200,199,2875392,11501568,4600627200,2.14619,2.10781,2.1805,2143.63,1996.41
24,ZW-M890P,ld.global.ca,8,39,512,156,4,32,200,199,2555904,10223616,4089446400,1.87699,1.83425,1.90726,2178.73,2029.1
24,ZW-M890P,ld.global.ca,8,39,1024,156,4,16,200,199,2555904,10223616,4089446400,1.84438,1.81098,1.87037,2217.25,2064.97
24,ZW-M890P,ld.global.cg,1,39,128,312,8,78,200,199,3115008,12460032,4984012800,2.27036,2.24469,2.32649,2195.25,2044.49
24,ZW-M890P,ld.global.cg,1,39,256,312,8,39,200,199,3115008,12460032,4984012800,2.30742,2.23071,2.55572,2159.99,2011.65
24,ZW-M890P,ld.global.cg,1,39,512,312,8,19,200,199,3035136,12140544,4856217600,2.23993,2.18613,2.28114,2168.02,2019.13
24,ZW-M890P,ld.global.cg,1,39,1024,312,8,9,200,199,2875392,11501568,4600627200,2.08105,2.05026,2.14429,2210.72,2058.9
24,ZW-M890P,ld.global.cg,2,39,128,312,8,78,200,199,3115008,12460032,4984012800,2.27564,2.24632,2.3192,2190.16,2039.74
24,ZW-M890P,ld.global.cg,2,39,256,312,8,38,200,199,3035136,12140544,4856217600,2.24667,2.16211,2.39479,2161.52,2013.07
24,ZW-M890P,ld.global.cg,2,39,512,312,8,18,200,199,2875392,11501568,4600627200,2.12417,2.05519,2.28569,2165.85,2017.1
24,ZW-M890P,ld.global.cg,2,39,1024,312,8,8,200,199,2555904,10223616,4089446400,1.8584,1.81673,1.88972,2200.52,2049.39
24,ZW-M890P,ld.global.cg,4,39,128,312,8,76,200,199,3035136,12140544,4856217600,2.20904,2.17257,2.27186,2198.34,2047.36
24,ZW-M890P,ld.global.cg,4,39,256,312,8,36,200,199,2875392,11501568,4600627200,2.11358,2.07803,2.25381,2176.7,2027.21
24,ZW-M890P,ld.global.cg,4,39,512,312,8,16,200,199,2555904,10223616,4089446400,1.89912,1.84921,1.94422,2153.34,2005.45
24,ZW-M890P,ld.global.cg,4,39,1024,312,8,8,200,199,2555904,10223616,4089446400,1.86367,1.83422,1.89406,2194.3,2043.6
24,ZW-M890P,ld.global.cg,8,39,128,312,8,72,200,199,2875392,11501568,4600627200,2.12623,2.04028,4.6501,2163.75,2015.15
24,ZW-M890P,ld.global.cg,8,39,256,312,8,32,200,199,2555904,10223616,4089446400,1.88655,1.85769,1.90569,2167.69,2018.81
24,ZW-M890P,ld.global.cg,8,39,512,312,8,16,200,199,2555904,10223616,4089446400,1.87467,1.80486,1.88566,2181.42,2031.61
24,ZW-M890P,ld.global.cg,8,39,1024,312,8,8,200,199,2555904,10223616,4089446400,1.8644,1.80566,1.88331,2193.44,2042.8
24,ZW-M890P,ld.global.ca,1,39,128,312,8,78,200,199,3115008,12460032,4984012800,2.25346,2.23862,2.2827,2211.72,2059.82
24,ZW-M890P,ld.global.ca,1,39,256,312,8,39,200,199,3115008,12460032,4984012800,2.28901,2.2209,2.3181,2177.37,2027.83
24,ZW-M890P,ld.global.ca,1,39,512,312,8,19,200,199,3035136,12140544,4856217600,2.18816,2.12163,2.21914,2219.32,2066.9
24,ZW-M890P,ld.global.ca,1,39,1024,312,8,9,200,199,2875392,11501568,4600627200,0.88375,0.83169,0.972,5205.8,4848.28
24,ZW-M890P,ld.global.ca,2,39,128,312,8,78,200,199,3115008,12460032,4984012800,2.26405,2.23753,2.29562,2201.37,2050.19
24,ZW-M890P,ld.global.ca,2,39,256,312,8,38,200,199,3035136,12140544,4856217600,2.23649,2.19436,2.25447,2171.36,2022.23
24,ZW-M890P,ld.global.ca,2,39,512,312,8,18,200,199,2875392,11501568,4600627200,2.06593,1.99414,2.09838,2226.9,2073.97
24,ZW-M890P,ld.global.ca,2,39,1024,312,8,8,200,199,2555904,10223616,4089446400,0.76769,0.63162,0.92045,5326.95,4961.11
24,ZW-M890P,ld.global.ca,4,39,128,312,8,76,200,199,3035136,12140544,4856217600,2.18748,2.17055,2.22737,2220.01,2067.54
24,ZW-M890P,ld.global.ca,4,39,256,312,8,36,200,199,2875392,11501568,4600627200,2.1004,2.07806,2.11762,2190.36,2039.93
24,ZW-M890P,ld.global.ca,4,39,512,312,8,16,200,199,2555904,10223616,4089446400,1.86199,1.75292,1.89336,2196.28,2045.44
24,ZW-M890P,ld.global.ca,4,39,1024,312,8,8,200,199,2555904,10223616,4089446400,0.74769,0.62927,1.09902,5469.44,5093.81
24,ZW-M890P,ld.global.ca,8,39,128,312,8,72,200,199,2875392,11501568,4600627200,2.08689,2.03427,4.30419,2204.54,2053.14
24,ZW-M890P,ld.global.ca,8,39,256,312,8,32,200,199,2555904,10223616,4089446400,1.88539,1.86015,2.11432,2169.02,2020.06
24,ZW-M890P,ld.global.ca,8,39,512,312,8,16,200,199,2555904,10223616,4089446400,1.84574,1.76461,1.92704,2215.61,2063.45
24,ZW-M890P,ld.global.ca,8,39,1024,312,8,8,200,199,2555904,10223616,4089446400,0.84867,0.75867,0.98123,4818.65,4487.72
24,ZW-M890P,ld.global.cg,1,39,128,624,16,39,200,199,3115008,12460032,4984012800,2.30185,2.25528,2.34323,2165.22,2016.52
24,ZW-M890P,ld.global.cg,1,39,256,624,16,19,200,199,3035136,12140544,4856217600,2.23737,2.19299,3.14407,2170.5,2021.44
24,ZW-M890P,ld.global.cg,1,39,512,624,16,9,200,199,2875392,11501568,4600627200,2.09933,2.06187,2.75369,2191.47,2040.97
24,ZW-M890P,ld.global.cg,1,39,1024,624,16,4,200,199,2555904,10223616,4089446400,1.87397,1.86349,1.89202,2182.24,2032.37
24,ZW-M890P,ld.global.cg,2,39,128,624,16,38,200,199,3035136,12140544,4856217600,2.23287,2.20036,2.27032,2174.88,2025.51
24,ZW-M890P,ld.global.cg,2,39,256,624,16,18,200,199,2875392,11501568,4600627200,2.11812,2.05721,2.18058,2172.03,2022.86
24,ZW-M890P,ld.global.cg,2,39,512,624,16,8,200,199,2555904,10223616,4089446400,1.91019,1.86511,2.03789,2140.86,1993.83
24,ZW-M890P,ld.global.cg,2,39,1024,624,16,4,200,199,2555904,10223616,4089446400,1.85309,1.83038,1.86931,2206.83,2055.27
24,ZW-M890P,ld.global.cg,4,39,128,624,16,36,200,199,2875392,11501568,4600627200,2.13481,2.09917,2.1529,2155.05,2007.05
24,ZW-M890P,ld.global.cg,4,39,256,624,16,16,200,199,2555904,10223616,4089446400,1.86782,1.81693,1.90103,2189.42,2039.06
24,ZW-M890P,ld.global.cg,4,39,512,624,16,8,200,199,2555904,10223616,4089446400,1.89204,1.85529,1.9398,2161.4,2012.96
24,ZW-M890P,ld.global.cg,4,39,1024,624,16,4,200,199,2555904,10223616,4089446400,1.84909,1.82596,1.86155,2211.6,2059.71
24,ZW-M890P,ld.global.cg,8,39,128,624,16,32,200,199,2555904,10223616,4089446400,1.89259,1.86749,1.90645,2160.77,2012.37
24,ZW-M890P,ld.global.cg,8,39,256,624,16,16,200,199,2555904,10223616,4089446400,1.88789,1.85462,2.123,2166.15,2017.38
24,ZW-M890P,ld.global.cg,8,39,512,624,16,8,200,199,2555904,10223616,4089446400,1.86928,1.80634,2.22007,2187.71,2037.47
24,ZW-M890P,ld.global.cg,8,39,1024,624,16,8,200,199,5111808,20447232,8178892800,3.71451,3.63495,3.96065,2201.88,2050.66
24,ZW-M890P,ld.global.ca,1,39,128,624,16,39,200,199,3115008,12460032,4984012800,2.29727,2.21886,2.32792,2169.54,2020.54
24,ZW-M890P,ld.global.ca,1,39,256,624,16,19,200,199,3035136,12140544,4856217600,2.18345,2.11458,2.24507,2224.1,2071.36
24,ZW-M890P,ld.global.ca,1,39,512,624,16,9,200,199,2875392,11501568,4600627200,0.91411,0.86385,0.99211,5032.9,4687.26
24,ZW-M890P,ld.global.ca,1,39,1024,624,16,4,200,199,2555904,10223616,4089446400,0.43611,0.43504,0.43967,9377.1,8733.1
24,ZW-M890P,ld.global.ca,2,39,128,624,16,38,200,199,3035136,12140544,4856217600,2.25263,2.18837,2.27071,2155.8,2007.74
24,ZW-M890P,ld.global.ca,2,39,256,624,16,18,200,199,2875392,11501568,4600627200,2.07137,1.99384,2.11963,2221.06,2068.52
24,ZW-M890P,ld.global.ca,2,39,512,624,16,8,200,199,2555904,10223616,4089446400,0.79425,0.70312,0.88206,5148.82,4795.21
24,ZW-M890P,ld.global.ca,2,39,1024,624,16,4,200,199,2555904,10223616,4089446400,0.53383,0.53275,0.54195,7660.58,7134.47
24,ZW-M890P,ld.global.ca,4,39,128,624,16,36,200,199,2875392,11501568,4600627200,2.05845,2.03891,2.148,2235,2081.5
24,ZW-M890P,ld.global.ca,4,39,256,624,16,16,200,199,2555904,10223616,4089446400,1.85884,1.79618,1.89401,2200,2048.91
24,ZW-M890P,ld.global.ca,4,39,512,624,16,8,200,199,2555904,10223616,4089446400,0.75375,0.68169,0.85049,5425.47,5052.86
24,ZW-M890P,ld.global.ca,4,39,1024,624,16,4,200,199,2555904,10223616,4089446400,0.43424,0.43357,0.43626,9417.48,8770.71
24,ZW-M890P,ld.global.ca,8,39,128,624,16,32,200,199,2555904,10223616,4089446400,1.88007,1.81594,1.901,2175.16,2025.77
24,ZW-M890P,ld.global.ca,8,39,256,624,16,16,200,199,2555904,10223616,4089446400,1.85245,1.81534,1.87374,2207.59,2055.98
24,ZW-M890P,ld.global.ca,8,39,512,624,16,8,200,199,2555904,10223616,4089446400,0.845,0.76116,0.94964,4839.58,4507.21
24,ZW-M890P,ld.global.ca,8,39,1024,624,16,8,200,199,5111808,20447232,8178892800,1.67328,1.47957,1.80871,4887.94,4552.25
30,ZW-M890P,ld.global.cg,1,39,128,39,1,787,200,199,3928704,15714816,6285926400,13.6504,13.6475,13.6851,460.495,428.869
30,ZW-M890P,ld.global.cg,1,39,256,39,1,393,200,199,3923712,15694848,6277939200,6.86283,6.85972,6.87524,914.774,851.95
30,ZW-M890P,ld.global.cg,1,39,512,39,1,196,200,199,3913728,15654912,6261964800,3.57018,3.56383,3.57921,1753.96,1633.51
30,ZW-M890P,ld.global.cg,1,39,1024,39,1,98,200,199,3913728,15654912,6261964800,2.83866,2.81866,2.88068,2205.96,2054.46
30,ZW-M890P,ld.global.cg,2,39,128,39,1,786,200,199,3923712,15694848,6277939200,13.9865,13.9815,14,448.857,418.03
30,ZW-M890P,ld.global.cg,2,39,256,39,1,392,200,199,3913728,15654912,6261964800,7.02034,7.01522,7.02634,891.975,830.716
30,ZW-M890P,ld.global.cg,2,39,512,39,1,196,200,199,3913728,15654912,6261964800,3.58103,3.5757,3.58683,1748.65,1628.56
30,ZW-M890P,ld.global.cg,2,39,1024,39,1,98,200,199,3913728,15654912,6261964800,2.83649,2.81351,2.89371,2207.65,2056.03
30,ZW-M890P,ld.global.cg,4,39,128,39,1,784,200,199,3913728,15654912,6261964800,13.4623,13.4537,13.4728,465.149,433.204
30,ZW-M890P,ld.global.cg,4,39,256,39,1,392,200,199,3913728,15654912,6261964800,6.79776,6.79372,6.80571,921.181,857.916
30,ZW-M890P,ld.global.cg,4,39,512,39,1,196,200,199,3913728,15654912,6261964800,3.51863,3.51148,3.52505,1779.66,1657.44
30,ZW-M890P,ld.global.cg,4,39,1024,39,1,96,200,199,3833856,15335424,6134169600,2.79883,2.76037,2.88116,2191.69,2041.17
30,ZW-M890P,ld.global.cg,8,39,128,39,1,784,200,199,3913728,15654912,6261964800,7.93485,7.9314,7.94252,789.172,734.974
30,ZW-M890P,ld.global.cg,8,39,256,39,1,392,200,199,3913728,15654912,6261964800,4.08244,4.07511,4.09473,1533.88,1428.54
30,ZW-M890P,ld.global.cg,8,39,512,39,1,192,200,199,3833856,15335424,6134169600,2.77639,2.76492,2.79767,2209.4,2057.67
30,ZW-M890P,ld.global.cg,8,39,1024,39,1,96,200,199,3833856,15335424,6134169600,2.81498,2.74725,2.93114,2179.12,2029.46
30,ZW-M890P,ld.global.ca,1,39,128,39,1,787,200,199,3928704,15714816,6285926400,13.9512,13.9487,13.9639,450.566,419.623
30,ZW-M890P,ld.global.ca,1,39,256,39,1,393,200,199,3923712,15694848,6277939200,7.02283,7.02018,7.0254,893.933,832.54
30,ZW-M890P,ld.global.ca,1,39,512,39,1,196,200,199,3913728,15654912,6261964800,3.56008,3.55592,3.56485,1758.94,1638.14
30,ZW-M890P,ld.global.ca,1,39,1024,39,1,98,200,199,3913728,15654912,6261964800,2.82359,2.80915,2.87307,2217.73,2065.42
30,ZW-M890P,ld.global.ca,2,39,128,39,1,786,200,199,3923712,15694848,6277939200,13.9525,13.946,13.9629,449.952,419.051
30,ZW-M890P,ld.global.ca,2,39,256,39,1,392,200,199,3913728,15654912,6261964800,7.12643,7.12342,7.12886,878.696,818.349
30,ZW-M890P,ld.global.ca,2,39,512,39,1,196,200,199,3913728,15654912,6261964800,3.69963,3.69524,3.70412,1692.59,1576.35
30,ZW-M890P,ld.global.ca,2,39,1024,39,1,98,200,199,3913728,15654912,6261964800,2.81985,2.80942,2.87338,2220.67,2068.16
30,ZW-M890P,ld.global.ca,4,39,128,39,1,784,200,199,3913728,15654912,6261964800,13.7924,13.7877,13.7978,454.016,422.835
30,ZW-M890P,ld.global.ca,4,39,256,39,1,392,200,199,3913728,15654912,6261964800,6.96077,6.95736,6.96452,899.608,837.825
30,ZW-M890P,ld.global.ca,4,39,512,39,1,196,200,199,3913728,15654912,6261964800,3.55995,3.55553,3.56402,1759,1638.2
30,ZW-M890P,ld.global.ca,4,39,1024,39,1,96,200,199,3833856,15335424,6134169600,2.79485,2.76097,2.83691,2194.81,2044.08
30,ZW-M890P,ld.global.ca,8,39,128,39,1,784,200,199,3913728,15654912,6261964800,8.09921,8.09661,8.10679,773.158,720.059
30,ZW-M890P,ld.global.ca,8,39,256,39,1,392,200,199,3913728,15654912,6261964800,4.16089,4.15437,4.16745,1504.96,1401.6
30,ZW-M890P,ld.global.ca,8,39,512,39,1,192,200,199,3833856,15335424,6134169600,2.76517,2.75696,2.78118,2218.37,2066.02
30,ZW-M890P,ld.global.ca,8,39,1024,39,1,96,200,199,3833856,15335424,6134169600,2.77869,2.72865,2.86691,2207.58,2055.97
30,ZW-M890P,ld.global.cg,1,39,128,78,2,393,200,199,3923712,15694848,6277939200,6.86008,6.85839,6.86835,915.141,852.291
30,ZW-M890P,ld.global.cg,1,39,256,78,2,196,200,199,3913728,15654912,6261964800,3.51641,3.51005,3.52426,1780.78,1658.48
30,ZW-M890P,ld.global.cg,1,39,512,78,2,98,200,199,3913728,15654912,6261964800,2.94666,2.92482,2.97529,2125.11,1979.16
30,ZW-M890P,ld.global.cg,1,39,1024,78,2,49,200,199,3913728,15654912,6261964800,2.90214,2.8304,2.92947,2157.71,2009.52
30,ZW-M890P,ld.global.cg,2,39,128,78,2,392,200,199,3913728,15654912,6261964800,6.9725,6.97017,6.98005,898.095,836.416
30,ZW-M890P,ld.global.cg,2,39,256,78,2,196,200,199,3913728,15654912,6261964800,3.59113,3.58638,3.59971,1743.73,1623.98
30,ZW-M890P,ld.global.cg,2,39,512,78,2,98,200,199,3913728,15654912,6261964800,2.90612,2.87955,2.94022,2154.75,2006.77
30,ZW-M890P,ld.global.cg,2,39,1024,78,2,48,200,199,3833856,15335424,6134169600,2.82031,2.74965,2.87272,2175,2025.62
30,ZW-M890P,ld.global.cg,4,39,128,78,2,392,200,199,3913728,15654912,6261964800,6.77126,6.76892,6.77901,924.786,861.274
30,ZW-M890P,ld.global.cg,4,39,256,78,2,196,200,199,3913728,15654912,6261964800,3.50859,3.50265,3.51835,1784.75,1662.18
30,ZW-M890P,ld.global.cg,4,39,512,78,2,96,200,199,3833856,15335424,6134169600,2.90801,2.87614,2.9528,2109.4,1964.54
30,ZW-M890P,ld.global.cg,4,39,1024,78,2,48,200,199,3833856,15335424,6134169600,2.82352,2.76226,2.87298,2172.53,2023.32
30,ZW-M890P,ld.global.cg,8,39,128,78,2,392,200,199,3913728,15654912,6261964800,4.0462,4.04152,4.05548,1547.62,1441.33
30,ZW-M890P,ld.global.cg,8,39,256,78,2,192,200,199,3833856,15335424,6134169600,2.8865,2.85818,2.9146,2125.12,1979.18
30,ZW-M890P,ld.global.cg,8,39,512,78,2,96,200,199,3833856,15335424,6134169600,2.85734,2.75212,2.88995,2146.81,1999.37
30,ZW-M890P,ld.global.cg,8,39,1024,78,2,48,200,199,3833856,15335424,6134169600,2.85308,2.78971,2.86345,2150.02,2002.36
30,ZW-M890P,ld.global.ca,1,39,128,78,2,393,200,199,3923712,15694848,6277939200,7.02085,7.01758,7.02777,894.185,832.775
30,ZW-M890P,ld.global.ca,1,39,256,78,2,196,200,199,3913728,15654912,6261964800,3.58616,3.58026,3.59467,1746.15,1626.23
30,ZW-M890P,ld.global.ca,1,39,512,78,2,98,200,199,3913728,15654912,6261964800,2.87811,2.85161,2.90837,2175.72,2026.3
30,ZW-M890P,ld.global.ca,1,39,1024,78,2,49,200,199,3913728,15654912,6261964800,2.88444,2.80324,2.91504,2170.95,2021.85
30,ZW-M890P,ld.global.ca,2,39,128,78,2,392,200,199,3913728,15654912,6261964800,7.16337,7.16105,7.17168,874.165,814.129
30,ZW-M890P,ld.global.ca,2,39,256,78,2,196,200,199,3913728,15654912,6261964800,3.66395,3.65984,3.671,1709.07,1591.7
30,ZW-M890P,ld.global.ca,2,39,512,78,2,98,200,199,3913728,15654912,6261964800,2.88185,2.86098,2.9217,2172.9,2023.67
30,ZW-M890P,ld.global.ca,2,39,1024,78,2,48,200,199,3833856,15335424,6134169600,2.82008,2.76126,2.87261,2175.18,2025.79
30,ZW-M890P,ld.global.ca,4,39,128,78,2,392,200,199,3913728,15654912,6261964800,6.93341,6.92819,7.09447,903.158,841.131
30,ZW-M890P,ld.global.ca,4,39,256,78,2,196,200,199,3913728,15654912,6261964800,3.58283,3.57528,7.87249,1747.77,1627.74
30,ZW-M890P,ld.global.ca,4,39,512,78,2,96,200,199,3833856,15335424,6134169600,4.37682,3.16162,5.94457,1401.51,1305.26
30,ZW-M890P,ld.global.ca,4,39,1024,78,2,48,200,199,3833856,15335424,6134169600,2.93219,2.81423,3.08518,2092.01,1948.34
30,ZW-M890P,ld.global.ca,8,39,128,78,2,392,200,199,3913728,15654912,6261964800,4.13285,4.12817,4.14083,1515.17,1411.11
30,ZW-M890P,ld.global.ca,8,39,256,78,2,192,200,199,3833856,15335424,6134169600,2.85845,2.83838,2.88156,2145.98,1998.6
30,ZW-M890P,ld.global.ca,8,39,512,78,2,96,200,199,3833856,15335424,6134169600,2.86171,2.77187,2.89911,2143.53,1996.32
30,ZW-M890P,ld.global.ca,8,39,1024,78,2,48,200,199,3833856,15335424,6134169600,2.82206,2.7544,2.86404,2173.65,2024.37
30,ZW-M890P,ld.global.cg,1,39,128,156,4,196,200,199,3913728,15654912,6261964800,3.48194,3.47661,3.49008,1798.41,1674.9
30,ZW-M890P,ld.global.cg,1,39,256,156,4,98,200,199,3913728,15654912,6261964800,2.87525,2.83326,2.90119,2177.89,2028.31
30,ZW-M890P,ld.global.cg,1,39,512,156,4,49,200,199,3913728,15654912,6261964800,2.92538,2.88223,2.94628,2140.56,1993.56
30,ZW-M890P,ld.global.cg,1,39,1024,156,4,24,200,199,3833856,15335424,6134169600,2.78955,2.75982,2.84489,2198.98,2047.96
30,ZW-M890P,ld.global.cg,2,39,128,156,4,196,200,199,3913728,15654912,6261964800,3.5864,3.58248,3.59523,1746.03,1626.12
30,ZW-M890P,ld.global.cg,2,39,256,156,4,98,200,199,3913728,15654912,6261964800,2.87311,2.83091,2.90212,2179.51,2029.82
30,ZW-M890P,ld.global.cg,2,39,512,156,4,48,200,199,3833856,15335424,6134169600,2.93665,2.88141,2.97823,2088.83,1945.38
30,ZW-M890P,ld.global.cg,2,39,1024,156,4,24,200,199,3833856,15335424,6134169600,2.78931,2.7517,2.83766,2199.17,2048.14
30,ZW-M890P,ld.global.cg,4,39,128,156,4,196,200,199,3913728,15654912,6261964800,3.48571,3.48198,3.49346,1796.47,1673.09
30,ZW-M890P,ld.global.cg,4,39,256,156,4,96,200,199,3833856,15335424,6134169600,2.76491,2.73598,2.82316,2218.58,2066.21
30,ZW-M890P,ld.global.cg,4,39,512,156,4,48,200,199,3833856,15335424,6134169600,2.85352,2.8317,2.86942,2149.69,2002.05
30,ZW-M890P,ld.global.cg,4,39,1024,156,4,24,200,199,3833856,15335424,6134169600,2.78955,2.75482,2.8475,2198.98,2047.96
30,ZW-M890P,ld.global.cg,8,39,128,156,4,192,200,199,3833856,15335424,6134169600,2.77554,2.75597,2.80484,2210.08,2058.3
30,ZW-M890P,ld.global.cg,8,39,256,156,4,96,200,199,3833856,15335424,6134169600,2.93652,2.77151,2.97426,2088.92,1945.46
30,ZW-M890P,ld.global.cg,8,39,512,156,4,48,200,199,3833856,15335424,6134169600,2.84001,2.76123,2.86271,2159.91,2011.57
30,ZW-M890P,ld.global.cg,8,39,1024,156,4,24,200,199,3833856,15335424,6134169600,2.83039,2.77433,2.84599,2167.25,2018.41
30,ZW-M890P,ld.global.ca,1,39,128,156,4,196,200,199,3913728,15654912,6261964800,3.54535,3.54205,3.55465,1766.25,1644.95
30,ZW-M890P,ld.global.ca,1,39,256,156,4,98,200,199,3913728,15654912,6261964800,2.84852,2.824,2.87396,2198.32,2047.35
30,ZW-M890P,ld.global.ca,1,39,512,156,4,49,200,199,3913728,15654912,6261964800,2.89974,2.84614,2.9265,2159.49,2011.18
30,ZW-M890P,ld.global.ca,1,39,1024,156,4,24,200,199,3833856,15335424,6134169600,2.78639,2.73905,2.84258,2201.48,2050.28
30,ZW-M890P,ld.global.ca,2,39,128,156,4,196,200,199,3913728,15654912,6261964800,3.66292,3.65997,3.67593,1709.56,1592.15
30,ZW-M890P,ld.global.ca,2,39,256,156,4,98,200,199,3913728,15654912,6261964800,2.84308,2.81315,2.8765,2202.53,2051.26
30,ZW-M890P,ld.global.ca,2,39,512,156,4,48,200,199,3833856,15335424,6134169600,2.84575,2.81769,2.86202,2155.55,2007.52
30,ZW-M890P,ld.global.ca,2,39,1024,156,4,24,200,199,3833856,15335424,6134169600,2.78966,2.73818,2.84608,2198.9,2047.88
30,ZW-M890P,ld.global.ca,4,39,128,156,4,196,200,199,3913728,15654912,6261964800,3.55477,3.55092,3.56097,1761.57,1640.59
30,ZW-M890P,ld.global.ca,4,39,256,156,4,96,200,199,3833856,15335424,6134169600,2.76256,2.73925,2.78221,2220.47,2067.97
30,ZW-M890P,ld.global.ca,4,39,512,156,4,48,200,199,3833856,15335424,6134169600,2.8496,2.81932,2.86654,2152.64,2004.8
30,ZW-M890P,ld.global.ca,4,39,1024,156,4,24,200,199,3833856,15335424,6134169600,2.78858,2.73816,2.84475,2199.75,2048.67
30,ZW-M890P,ld.global.ca,8,39,128,156,4,192,200,199,3833856,15335424,6134169600,2.77247,2.74947,2.79201,2212.53,2060.58
30,ZW-M890P,ld.global.ca,8,39,256,156,4,96,200,199,3833856,15335424,6134169600,2.86713,2.83131,2.89123,2139.48,1992.55
30,ZW-M890P,ld.global.ca,8,39,512,156,4,48,200,199,3833856,15335424,6134169600,2.82742,2.74863,2.86204,2169.53,2020.53
30,ZW-M890P,ld.global.ca,8,39,1024,156,4,24,200,199,3833856,15335424,6134169600,2.80533,2.71265,2.84688,2186.61,2036.44
30,ZW-M890P,ld.global.cg,1,39,128,312,8,98,200,199,3913728,15654912,6261964800,2.87943,2.83623,2.90692,2174.72,2025.37
30,ZW-M890P,ld.global.cg,1,39,256,312,8,49,200,199,3913728,15654912,6261964800,2.88621,2.83953,2.91532,2169.62,2020.61
30,ZW-M890P,ld.global.cg,1,39,512,312,8,24,200,199,3833856,15335424,6134169600,2.89269,2.7952,2.9701,2120.58,1974.94
30,ZW-M890P,ld.global.cg,1,39,1024,312,8,12,200,199,3833856,15335424,6134169600,2.78543,2.71263,2.82253,2202.23,2050.99
30,ZW-M890P,ld.global.cg,2,39,128,312,8,98,200,199,3913728,15654912,6261964800,2.90798,2.82658,2.94482,2153.37,2005.48
30,ZW-M890P,ld.global.cg,2,39,256,312,8,48,200,199,3833856,15335424,6134169600,2.82624,2.77512,2.86091,2170.43,2021.37
30,ZW-M890P,ld.global.cg,2,39,512,312,8,24,200,199,3833856,15335424,6134169600,2.8909,2.78752,2.99307,2121.89,1976.16
30,ZW-M890P,ld.global.cg,2,39,1024,312,8,12,200,199,3833856,15335424,6134169600,2.78505,2.73037,2.83225,2202.53,2051.27
30,ZW-M890P,ld.global.cg,4,39,128,312,8,96,200,199,3833856,15335424,6134169600,2.75894,2.73589,2.8618,2223.38,2070.68
30,ZW-M890P,ld.global.cg,4,39,256,312,8,48,200,199,3833856,15335424,6134169600,2.84469,2.79577,2.87005,2156.36,2008.26
30,ZW-M890P,ld.global.cg,4,39,512,312,8,24,200,199,3833856,15335424,6134169600,2.89495,2.78368,2.98535,2118.92,1973.4
30,ZW-M890P,ld.global.cg,4,39,1024,312,8,12,200,199,3833856,15335424,6134169600,2.78396,2.73305,2.83351,2203.4,2052.07
30,ZW-M890P,ld.global.cg,8,39,128,312,8,96,200,199,3833856,15335424,6134169600,2.80721,2.75129,2.88714,2185.15,2035.08
30,ZW-M890P,ld.global.cg,8,39,256,312,8,48,200,199,3833856,15335424,6134169600,2.84496,2.83162,2.85897,2156.15,2008.07
30,ZW-M890P,ld.global.cg,8,39,512,312,8,24,200,199,3833856,15335424,6134169600,2.82394,2.73794,2.8422,2172.2,2023.02
30,ZW-M890P,ld.global.cg,8,39,1024,312,8,8,200,199,2555904,10223616,4089446400,1.86087,1.82461,1.88741,2197.6,2046.67
30,ZW-M890P,ld.global.ca,1,39,128,312,8,98,200,199,3913728,15654912,6261964800,2.82843,2.80701,2.86849,2213.94,2061.89
30,ZW-M890P,ld.global.ca,1,39,256,312,8,49,200,199,3913728,15654912,6261964800,2.85072,2.79353,2.90864,2196.63,2045.77
30,ZW-M890P,ld.global.ca,1,39,512,312,8,24,200,199,3833856,15335424,6134169600,2.83345,2.79434,2.85135,2164.91,2016.23
30,ZW-M890P,ld.global.ca,1,39,1024,312,8,12,200,199,3833856,15335424,6134169600,2.07815,1.91179,2.27321,2951.75,2749.03
30,ZW-M890P,ld.global.ca,2,39,128,312,8,98,200,199,3913728,15654912,6261964800,2.82282,2.80734,2.85548,2218.34,2065.99
30,ZW-M890P,ld.global.ca,2,39,256,312,8,48,200,199,3833856,15335424,6134169600,2.82172,2.77189,2.86539,2173.91,2024.61
30,ZW-M890P,ld.global.ca,2,39,512,312,8,24,200,199,3833856,15335424,6134169600,2.83016,2.75605,2.85144,2167.43,2018.58
30,ZW-M890P,ld.global.ca,2,39,1024,312,8,12,200,199,3833856,15335424,6134169600,2.11149,1.94625,2.23551,2905.14,2705.62
30,ZW-M890P,ld.global.ca,4,39,128,312,8,96,200,199,3833856,15335424,6134169600,2.7674,2.74395,2.88288,2216.58,2064.35
30,ZW-M890P,ld.global.ca,4,39,256,312,8,48,200,199,3833856,15335424,6134169600,2.82606,2.75151,2.86583,2170.57,2021.5
30,ZW-M890P,ld.global.ca,4,39,512,312,8,24,200,199,3833856,15335424,6134169600,2.83234,2.76877,2.85619,2165.76,2017.02
30,ZW-M890P,ld.global.ca,4,39,1024,312,8,12,200,199,3833856,15335424,6134169600,2.0536,1.88623,2.1754,2987.03,2781.89
30,ZW-M890P,ld.global.ca,8,39,128,312,8,96,200,199,3833856,15335424,6134169600,2.8087,2.75287,2.89068,2183.99,2034
30,ZW-M890P,ld.global.ca,8,39,256,312,8,48,200,199,3833856,15335424,6134169600,2.82794,2.7836,2.86706,2169.13,2020.16
30,ZW-M890P,ld.global.ca,8,39,512,312,8,24,200,199,3833856,15335424,6134169600,2.81587,2.71928,2.84192,2178.43,2028.82
30,ZW-M890P,ld.global.ca,8,39,1024,312,8,8,200,199,2555904,10223616,4089446400,0.84342,0.75728,0.96208,4848.65,4515.65
30,ZW-M890P,ld.global.cg,1,39,128,624,16,49,200,199,3913728,15654912,6261964800,2.89955,2.80479,2.93331,2159.63,2011.32
30,ZW-M890P,ld.global.cg,1,39,256,624,16,24,200,199,3833856,15335424,6134169600,2.78973,2.73347,2.85545,2198.84,2047.83
30,ZW-M890P,ld.global.cg,1,39,512,624,16,12,200,199,3833856,15335424,6134169600,2.83624,2.75149,2.87522,2162.78,2014.25
30,ZW-M890P,ld.global.cg,1,39,1024,624,16,6,200,199,3833856,15335424,6134169600,2.75523,2.73355,2.79955,2226.37,2073.47
30,ZW-M890P,ld.global.cg,2,39,128,624,16,48,200,199,3833856,15335424,6134169600,2.8375,2.77212,2.86414,2161.82,2013.35
30,ZW-M890P,ld.global.cg,2,39,256,624,16,24,200,199,3833856,15335424,6134169600,2.83115,2.74775,2.87905,2166.67,2017.87
30,ZW-M890P,ld.global.cg,2,39,512,624,16,12,200,199,3833856,15335424,6134169600,2.84157,2.75847,2.87165,2158.73,2010.47
30,ZW-M890P,ld.global.cg,2,39,1024,624,16,6,200,199,3833856,15335424,6134169600,2.75332,2.73145,2.81,2227.92,2074.91
30,ZW-M890P,ld.global.cg,4,39,128,624,16,48,200,199,3833856,15335424,6134169600,2.84269,2.77329,2.89726,2157.87,2009.68
30,ZW-M890P,ld.global.cg,4,39,256,624,16,24,200,199,3833856,15335424,6134169600,2.82481,2.74048,2.88419,2171.53,2022.4
30,ZW-M890P,ld.global.cg,4,39,512,624,16,12,200,199,3833856,15335424,6134169600,2.84327,2.75481,2.88091,2157.43,2009.27
30,ZW-M890P,ld.global.cg,4,39,1024,624,16,4,200,199,2555904,10223616,4089446400,1.86344,1.84256,1.89221,2194.57,2043.85
30,ZW-M890P,ld.global.cg,8,39,128,624,16,48,200,199,3833856,15335424,6134169600,2.84089,2.78741,2.85535,2159.24,2010.95
30,ZW-M890P,ld.global.cg,8,39,256,624,16,24,200,199,3833856,15335424,6134169600,2.84212,2.81815,2.85999,2158.31,2010.08
30,ZW-M890P,ld.global.cg,8,39,512,624,16,8,200,199,2555904,10223616,4089446400,1.86625,1.82154,1.8811,2191.26,2040.77
30,ZW-M890P,ld.global.cg,8,39,1024,624,16,8,200,199,5111808,20447232,8178892800,3.72447,3.68427,3.76525,2195.99,2045.17
30,ZW-M890P,ld.global.ca,1,39,128,624,16,49,200,199,3913728,15654912,6261964800,2.86239,2.79016,2.91009,2187.67,2037.43
30,ZW-M890P,ld.global.ca,1,39,256,624,16,24,200,199,3833856,15335424,6134169600,2.7983,2.70283,2.83939,2192.11,2041.56
30,ZW-M890P,ld.global.ca,1,39,512,624,16,12,200,199,3833856,15335424,6134169600,1.94152,1.86429,2.0298,3159.47,2942.48
30,ZW-M890P,ld.global.ca,1,39,1024,624,16,6,200,199,3833856,15335424,6134169600,0.92459,0.90454,0.94245,6634.48,6178.84
30,ZW-M890P,ld.global.ca,2,39,128,624,16,48,200,199,3833856,15335424,6134169600,2.82223,2.73546,2.85098,2173.52,2024.25
30,ZW-M890P,ld.global.ca,2,39,256,624,16,24,200,199,3833856,15335424,6134169600,2.80324,2.7062,2.8443,2188.24,2037.96
30,ZW-M890P,ld.global.ca,2,39,512,624,16,12,200,199,3833856,15335424,6134169600,1.96534,1.89398,2.06449,3121.17,2906.82
30,ZW-M890P,ld.global.ca,2,39,1024,624,16,6,200,199,3833856,15335424,6134169600,0.97838,0.94832,1.00104,6269.72,5839.13
30,ZW-M890P,ld.global.ca,4,39,128,624,16,48,200,199,3833856,15335424,6134169600,2.81974,2.73795,2.85386,2175.44,2026.03
30,ZW-M890P,ld.global.ca,4,39,256,624,16,24,200,199,3833856,15335424,6134169600,2.79981,2.70732,2.84327,2190.92,2040.46
30,ZW-M890P,ld.global.ca,4,39,512,624,16,12,200,199,3833856,15335424,6134169600,1.94514,1.86814,2.03579,3153.59,2937.01
30,ZW-M890P,ld.global.ca,4,39,1024,624,16,4,200,199,2555904,10223616,4089446400,0.43424,0.43313,0.44202,9417.48,8770.71
30,ZW-M890P,ld.global.ca,8,39,128,624,16,48,200,199,3833856,15335424,6134169600,2.82982,2.74815,2.86002,2167.69,2018.82
30,ZW-M890P,ld.global.ca,8,39,256,624,16,24,200,199,3833856,15335424,6134169600,2.81673,2.76878,2.85263,2177.76,2028.2
30,ZW-M890P,ld.global.ca,8,39,512,624,16,8,200,199,2555904,10223616,4089446400,0.84639,0.76307,0.92665,4831.63,4499.81
30,ZW-M890P,ld.global.ca,8,39,1024,624,16,8,200,199,5111808,20447232,8178892800,1.66477,1.49542,1.84807,4912.93,4575.52
32,ZW-M890P,ld.global.cg,1,39,128,39,1,840,200,199,4193280,16773120,6709248000,14.3807,14.3761,14.41,466.546,434.504
32,ZW-M890P,ld.global.cg,1,39,256,39,1,420,200,199,4193280,16773120,6709248000,7.24689,7.23979,7.25698,925.811,862.228
32,ZW-M890P,ld.global.cg,1,39,512,39,1,210,200,199,4193280,16773120,6709248000,3.78278,3.77669,4.20353,1773.63,1651.82
32,ZW-M890P,ld.global.cg,1,39,1024,39,1,105,200,199,4193280,16773120,6709248000,3.06405,3.01303,3.13569,2189.67,2039.29
32,ZW-M890P,ld.global.cg,2,39,128,39,1,840,200,199,4193280,16773120,6709248000,14.9183,14.9149,14.9257,449.733,418.847
32,ZW-M890P,ld.global.cg,2,39,256,39,1,420,200,199,4193280,16773120,6709248000,7.5035,7.50137,7.50786,894.149,832.741
32,ZW-M890P,ld.global.cg,2,39,512,39,1,210,200,199,4193280,16773120,6709248000,3.87611,3.87179,3.88329,1730.92,1612.05
32,ZW-M890P,ld.global.cg,2,39,1024,39,1,104,200,199,4153344,16613376,6645350400,2.97363,2.95254,3.09069,2234.76,2081.28
32,ZW-M890P,ld.global.cg,4,39,128,39,1,840,200,199,4193280,16773120,6709248000,14.3796,14.3762,14.3876,466.58,434.537
32,ZW-M890P,ld.global.cg,4,39,256,39,1,420,200,199,4193280,16773120,6709248000,7.24157,7.23842,7.2468,926.491,862.862
32,ZW-M890P,ld.global.cg,4,39,512,39,1,208,200,199,4153344,16613376,6645350400,3.71745,3.71128,3.72902,1787.61,1664.84
32,ZW-M890P,ld.global.cg,4,39,1024,39,1,104,200,199,4153344,16613376,6645350400,2.96915,2.95293,3.09917,2238.13,2084.42
32,ZW-M890P,ld.global.cg,8,39,128,39,1,840,200,199,4193280,16773120,6709248000,8.43771,8.43392,8.44417,795.15,740.541
32,ZW-M890P,ld.global.cg,8,39,256,39,1,416,200,199,4153344,16613376,6645350400,4.3385,4.33083,4.34817,1531.72,1426.52
32,ZW-M890P,ld.global.cg,8,39,512,39,1,208,200,199,4153344,16613376,6645350400,3.02987,2.99511,3.06995,2193.28,2042.65
32,ZW-M890P,ld.global.cg,8,39,1024,39,1,104,200,199,4153344,16613376,6645350400,3.04155,2.95128,3.10553,2184.86,2034.81
32,ZW-M890P,ld.global.ca,1,39,128,39,1,840,200,199,4193280,16773120,6709248000,14.7409,14.7376,14.7502,455.147,423.888
32,ZW-M890P,ld.global.ca,1,39,256,39,1,420,200,199,4193280,16773120,6709248000,7.42317,7.42052,7.42719,903.825,841.753
32,ZW-M890P,ld.global.ca,1,39,512,39,1,210,200,199,4193280,16773120,6709248000,3.86688,3.86218,3.87646,1735.05,1615.9
32,ZW-M890P,ld.global.ca,1,39,1024,39,1,105,200,199,4193280,16773120,6709248000,3.02947,3.00842,3.05154,2214.66,2062.56
32,ZW-M890P,ld.global.ca,2,39,128,39,1,840,200,199,4193280,16773120,6709248000,15.2764,15.2742,15.2829,439.19,409.027
32,ZW-M890P,ld.global.ca,2,39,256,39,1,420,200,199,4193280,16773120,6709248000,7.68394,7.67999,7.68971,873.152,813.186
32,ZW-M890P,ld.global.ca,2,39,512,39,1,210,200,199,4193280,16773120,6709248000,3.9636,3.95862,3.97112,1692.72,1576.46
32,ZW-M890P,ld.global.ca,2,39,1024,39,1,104,200,199,4153344,16613376,6645350400,2.97055,2.94844,3.14709,2237.08,2083.44
32,ZW-M890P,ld.global.ca,4,39,128,39,1,840,200,199,4193280,16773120,6709248000,14.7401,14.737,14.746,455.171,423.911
32,ZW-M890P,ld.global.ca,4,39,256,39,1,420,200,199,4193280,16773120,6709248000,7.42087,7.41859,7.42529,904.105,842.014
32,ZW-M890P,ld.global.ca,4,39,512,39,1,208,200,199,4153344,16613376,6645350400,3.79978,3.79491,3.80742,1748.88,1628.77
32,ZW-M890P,ld.global.ca,4,39,1024,39,1,104,200,199,4153344,16613376,6645350400,2.97757,2.95065,3.04781,2231.8,2078.53
32,ZW-M890P,ld.global.ca,8,39,128,39,1,840,200,199,4193280,16773120,6709248000,8.61908,8.61529,8.62416,778.418,724.958
32,ZW-M890P,ld.global.ca,8,39,256,39,1,416,200,199,4153344,16613376,6645350400,4.4263,4.4204,4.43847,1501.33,1398.23
32,ZW-M890P,ld.global.ca,8,39,512,39,1,208,200,199,4153344,16613376,6645350400,3.00107,2.9826,3.02546,2214.33,2062.25
32,ZW-M890P,ld.global.ca,8,39,1024,39,1,104,200,199,4153344,16613376,6645350400,3.04773,2.94622,3.08013,2180.43,2030.68
32,ZW-M890P,ld.global.cg,1,39,128,78,2,420,200,199,4193280,16773120,6709248000,13.2447,7.22693,17.8643,506.562,471.772
32,ZW-M890P,ld.global.cg,1,39,256,78,2,210,200,199,4193280,16773120,6709248000,3.79792,3.78724,9.96245,1766.56,1645.24
32,ZW-M890P,ld.global.cg,1,39,512,78,2,105,200,199,4193280,16773120,6709248000,3.05703,3.01923,3.12677,2194.69,2043.97
32,ZW-M890P,ld.global.cg,1,39,1024,78,2,52,200,199,4153344,16613376,6645350400,3.03728,2.98999,3.07602,2187.93,2037.67
32,ZW-M890P,ld.global.cg,2,39,128,78,2,420,200,199,4193280,16773120,6709248000,7.49964,7.49483,7.52244,894.609,833.17
32,ZW-M890P,ld.global.cg,2,39,256,78,2,210,200,199,4193280,16773120,6709248000,3.88987,3.88082,3.93053,1724.8,1606.35
32,ZW-M890P,ld.global.cg,2,39,512,78,2,104,200,199,4153344,16613376,6645350400,2.99642,2.97449,3.03825,2217.76,2065.45
32,ZW-M890P,ld.global.cg,2,39,1024,78,2,52,200,199,4153344,16613376,6645350400,3.05149,2.99374,3.08844,2177.74,2028.18
32,ZW-M890P,ld.global.cg,4,39,128,78,2,420,200,199,4193280,16773120,6709248000,7.23673,7.22984,7.24792,927.11,863.439
32,ZW-M890P,ld.global.cg,4,39,256,78,2,208,200,199,4153344,16613376,6645350400,3.71719,3.71156,3.72611,1787.73,1664.96
32,ZW-M890P,ld.global.cg,4,39,512,78,2,104,200,199,4153344,16613376,6645350400,2.99296,2.97681,3.01789,2220.33,2067.84
32,ZW-M890P,ld.global.cg,4,39,1024,78,2,52,200,199,4153344,16613376,6645350400,3.04823,2.99276,3.08498,2180.07,2030.35
32,ZW-M890P,ld.global.cg,8,39,128,78,2,416,200,199,4153344,16613376,6645350400,4.26823,4.26103,4.2755,1556.93,1450.01
32,ZW-M890P,ld.global.cg,8,39,256,78,2,208,200,199,4153344,16613376,6645350400,3.09714,3.07027,3.12273,2145.64,1998.28
32,ZW-M890P,ld.global.cg,8,39,512,78,2,104,200,199,4153344,16613376,6645350400,3.06853,2.95348,3.12451,2165.65,2016.92
32,ZW-M890P,ld.global.cg,8,39,1024,78,2,48,200,199,3833856,15335424,6134169600,2.8428,2.78223,2.85668,2157.79,2009.6
32,ZW-M890P,ld.global.ca,1,39,128,78,2,420,200,199,4193280,16773120,6709248000,7.40676,7.40413,7.41455,905.828,843.618
32,ZW-M890P,ld.global.ca,1,39,256,78,2,210,200,199,4193280,16773120,6709248000,3.87499,3.87126,3.88057,1731.42,1612.51
32,ZW-M890P,ld.global.ca,1,39,512,78,2,105,200,199,4193280,16773120,6709248000,3.02381,3.0037,3.05596,2218.81,2066.42
32,ZW-M890P,ld.global.ca,1,39,1024,78,2,52,200,199,4153344,16613376,6645350400,3.0266,2.95269,3.08818,2195.65,2044.86
32,ZW-M890P,ld.global.ca,2,39,128,78,2,420,200,199,4193280,16773120,6709248000,7.67275,7.67144,7.68108,874.425,814.372
32,ZW-M890P,ld.global.ca,2,39,256,78,2,210,200,199,4193280,16773120,6709248000,3.97176,3.96197,3.99054,1689.24,1573.23
32,ZW-M890P,ld.global.ca,2,39,512,78,2,104,200,199,4153344,16613376,6645350400,2.98548,2.97031,3.0044,2225.89,2073.02
32,ZW-M890P,ld.global.ca,2,39,1024,78,2,52,200,199,4153344,16613376,6645350400,3.04391,2.97177,3.0859,2183.16,2033.23
32,ZW-M890P,ld.global.ca,4,39,128,78,2,420,200,199,4193280,16773120,6709248000,7.40599,7.40283,7.41408,905.922,843.705
32,ZW-M890P,ld.global.ca,4,39,256,78,2,208,200,199,4153344,16613376,6645350400,3.79833,3.79137,3.80588,1749.55,1629.39
32,ZW-M890P,ld.global.ca,4,39,512,78,2,104,200,199,4153344,16613376,6645350400,2.99426,2.97003,3.01761,2219.36,2066.94
32,ZW-M890P,ld.global.ca,4,39,1024,78,2,52,200,199,4153344,16613376,6645350400,3.03056,2.96631,3.08112,2192.78,2042.19
32,ZW-M890P,ld.global.ca,8,39,128,78,2,416,200,199,4153344,16613376,6645350400,4.36653,4.35537,4.37888,1521.88,1417.36
32,ZW-M890P,ld.global.ca,8,39,256,78,2,208,200,199,4153344,16613376,6645350400,3.0692,3.04615,3.09958,2165.17,2016.47
32,ZW-M890P,ld.global.ca,8,39,512,78,2,104,200,199,4153344,16613376,6645350400,3.08603,2.94682,3.12994,2153.37,2005.48
32,ZW-M890P,ld.global.ca,8,39,1024,78,2,48,200,199,3833856,15335424,6134169600,2.81646,2.73536,2.85647,2177.97,2028.39
32,ZW-M890P,ld.global.cg,1,39,128,156,4,210,200,199,4193280,16773120,6709248000,3.76952,3.76401,3.77776,1779.87,1657.63
32,ZW-M890P,ld.global.cg,1,39,256,156,4,105,200,199,4193280,16773120,6709248000,3.05146,3.00713,3.10918,2198.7,2047.7
32,ZW-M890P,ld.global.cg,1,39,512,156,4,52,200,199,4153344,16613376,6645350400,3.05282,2.92978,3.31736,2176.79,2027.29
32,ZW-M890P,ld.global.cg,1,39,1024,156,4,26,200,199,4153344,16613376,6645350400,3.05494,3.00154,3.09534,2175.28,2025.89
32,ZW-M890P,ld.global.cg,2,39,128,156,4,210,200,199,4193280,16773120,6709248000,3.87312,3.8689,3.88079,1732.26,1613.29
32,ZW-M890P,ld.global.cg,2,39,256,156,4,104,200,199,4153344,16613376,6645350400,3.00358,2.97079,3.04171,2212.48,2060.53
32,ZW-M890P,ld.global.cg,2,39,512,156,4,52,200,199,4153344,16613376,6645350400,3.06807,2.9427,3.09772,2165.97,2017.22
32,ZW-M890P,ld.global.cg,2,39,1024,156,4,26,200,199,4153344,16613376,6645350400,3.05255,2.99069,3.10083,2176.98,2027.47
32,ZW-M890P,ld.global.cg,4,39,128,156,4,208,200,199,4153344,16613376,6645350400,3.70253,3.69125,3.71536,1794.81,1671.55
32,ZW-M890P,ld.global.cg,4,39,256,156,4,104,200,199,4153344,16613376,6645350400,3.0042,2.97459,3.04273,2212.02,2060.1
32,ZW-M890P,ld.global.cg,4,39,512,156,4,52,200,199,4153344,16613376,6645350400,3.06591,2.93642,3.37892,2167.5,2018.64
32,ZW-M890P,ld.global.cg,4,39,1024,156,4,24,200,199,3833856,15335424,6134169600,2.79038,2.75357,2.84376,2198.33,2047.35
32,ZW-M890P,ld.global.cg,8,39,128,156,4,208,200,199,4153344,16613376,6645350400,3.01243,2.98725,3.0463,2205.98,2054.48
32,ZW-M890P,ld.global.cg,8,39,256,156,4,104,200,199,4153344,16613376,6645350400,3.1151,3.07116,3.13731,2133.27,1986.76
32,ZW-M890P,ld.global.cg,8,39,512,156,4,48,200,199,3833856,15335424,6134169600,2.84345,2.80218,2.85886,2157.3,2009.14
32,ZW-M890P,ld.global.cg,8,39,1024,156,4,24,200,199,3833856,15335424,6134169600,2.82904,2.71211,2.84719,2168.29,2019.37
32,ZW-M890P,ld.global.ca,1,39,128,156,4,210,200,199,4193280,16773120,6709248000,3.85237,3.84821,3.86147,1741.59,1621.98
32,ZW-M890P,ld.global.ca,1,39,256,156,4,105,200,199,4193280,16773120,6709248000,3.0279,3.00875,3.05214,2215.81,2063.63
32,ZW-M890P,ld.global.ca,1,39,512,156,4,52,200,199,4153344,16613376,6645350400,3.05548,2.97019,3.08027,2174.9,2025.53
32,ZW-M890P,ld.global.ca,1,39,1024,156,4,26,200,199,4153344,16613376,6645350400,3.02477,2.97703,3.06759,2196.98,2046.09
32,ZW-M890P,ld.global.ca,2,39,128,156,4,210,200,199,4193280,16773120,6709248000,3.95763,3.95461,3.96451,1695.27,1578.84
32,ZW-M890P,ld.global.ca,2,39,256,156,4,104,200,199,4153344,16613376,6645350400,2.99631,2.97023,3.03492,2217.84,2065.53
32,ZW-M890P,ld.global.ca,2,39,512,156,4,52,200,199,4153344,16613376,6645350400,3.05042,2.94468,3.08624,2178.5,2028.89
32,ZW-M890P,ld.global.ca,2,39,1024,156,4,26,200,199,4153344,16613376,6645350400,3.02387,2.97215,3.07143,2197.63,2046.7
32,ZW-M890P,ld.global.ca,4,39,128,156,4,208,200,199,4153344,16613376,6645350400,3.78426,3.77729,3.79112,1756.05,1635.45
32,ZW-M890P,ld.global.ca,4,39,256,156,4,104,200,199,4153344,16613376,6645350400,2.99777,2.96647,3.03307,2216.76,2064.52
32,ZW-M890P,ld.global.ca,4,39,512,156,4,52,200,199,4153344,16613376,6645350400,3.05749,2.98997,3.07953,2173.47,2024.2
32,ZW-M890P,ld.global.ca,4,39,1024,156,4,24,200,199,3833856,15335424,6134169600,2.78992,2.74411,2.84326,2198.69,2047.69
32,ZW-M890P,ld.global.ca,8,39,128,156,4,208,200,199,4153344,16613376,6645350400,3.00966,2.98153,3.04153,2208.01,2056.37
32,ZW-M890P,ld.global.ca,8,39,256,156,4,104,200,199,4153344,16613376,6645350400,3.07489,3.04327,3.11373,2161.17,2012.74
32,ZW-M890P,ld.global.ca,8,39,512,156,4,48,200,199,3833856,15335424,6134169600,2.82763,2.7742,2.85803,2169.37,2020.38
32,ZW-M890P,ld.global.ca,8,39,1024,156,4,24,200,199,3833856,15335424,6134169600,2.80877,2.72303,2.85089,2183.93,2033.95
32,ZW-M890P,ld.global.cg,1,39,128,312,8,105,200,199,4193280,16773120,6709248000,3.06227,3.01326,3.1483,2190.94,2040.47
32,ZW-M890P,ld.global.cg,1,39,256,312,8,52,200,199,4153344,16613376,6645350400,3.05121,2.94779,3.09156,2177.94,2028.36
32,ZW-M890P,ld.global.cg,1,39,512,312,8,26,200,199,4153344,16613376,6645350400,3.05803,2.95428,3.10629,2173.08,2023.84
32,ZW-M890P,ld.global.cg,1,39,1024,312,8,13,200,199,4153344,16613376,6645350400,3.04186,2.9776,3.1154,2184.63,2034.6
32,ZW-M890P,ld.global.cg,2,39,128,312,8,104,200,199,4153344,16613376,6645350400,3.04544,2.97817,3.10789,2182.07,2032.21
32,ZW-M890P,ld.global.cg,2,39,256,312,8,52,200,199,4153344,16613376,6645350400,3.05522,2.98605,3.09111,2175.08,2025.7
32,ZW-M890P,ld.global.cg,2,39,512,312,8,26,200,199,4153344,16613376,6645350400,3.05306,2.9834,3.12142,2176.62,2027.13
32,ZW-M890P,ld.global.cg,2,39,1024,312,8,12,200,199,3833856,15335424,6134169600,2.78476,2.73396,2.83322,2202.76,2051.48
32,ZW-M890P,ld.global.cg,4,39,128,312,8,104,200,199,4153344,16613376,6645350400,3.03471,2.97603,3.1207,2189.78,2039.39
32,ZW-M890P,ld.global.cg,4,39,256,312,8,52,200,199,4153344,16613376,6645350400,3.0529,2.9449,3.09293,2176.73,2027.24
32,ZW-M890P,ld.global.cg,4,39,512,312,8,24,200,199,3833856,15335424,6134169600,2.89611,2.83363,2.98953,2118.07,1972.61
32,ZW-M890P,ld.global.cg,4,39,1024,312,8,12,200,199,3833856,15335424,6134169600,2.78501,2.7136,2.83067,2202.57,2051.3
32,ZW-M890P,ld.global.cg,8,39,128,312,8,104,200,199,4153344,16613376,6645350400,3.01073,2.9389,3.11375,2207.22,2055.64
32,ZW-M890P,ld.global.cg,8,39,256,312,8,48,200,199,3833856,15335424,6134169600,2.84358,2.82559,2.8597,2157.2,2009.05
32,ZW-M890P,ld.global.cg,8,39,512,312,8,24,200,199,3833856,15335424,6134169600,2.8284,2.72153,2.84291,2168.78,2019.83
32,ZW-M890P,ld.global.cg,8,39,1024,312,8,8,200,199,2555904,10223616,4089446400,1.86042,1.82859,1.89394,2198.13,2047.17
32,ZW-M890P,ld.global.ca,1,39,128,312,8,105,200,199,4193280,16773120,6709248000,3.03148,3.00946,3.05463,2213.19,2061.2
32,ZW-M890P,ld.global.ca,1,39,256,312,8,52,200,199,4153344,16613376,6645350400,3.05209,2.99084,3.08542,2177.31,2027.78
32,ZW-M890P,ld.global.ca,1,39,512,312,8,26,200,199,4153344,16613376,6645350400,3.02371,2.94377,3.06805,2197.75,2046.81
32,ZW-M890P,ld.global.ca,1,39,1024,312,8,13,200,199,4153344,16613376,6645350400,2.61411,2.49671,2.72929,2542.11,2367.52
32,ZW-M890P,ld.global.ca,2,39,128,312,8,104,200,199,4153344,16613376,6645350400,3.00714,2.97073,3.05214,2209.86,2058.09
32,ZW-M890P,ld.global.ca,2,39,256,312,8,52,200,199,4153344,16613376,6645350400,3.04695,2.99186,3.08748,2180.98,2031.2
32,ZW-M890P,ld.global.ca,2,39,512,312,8,26,200,199,4153344,16613376,6645350400,3.01842,2.9616,3.07133,2201.6,2050.4
32,ZW-M890P,ld.global.ca,2,39,1024,312,8,12,200,199,3833856,15335424,6134169600,2.10523,1.96752,2.21816,2913.78,2713.67
32,ZW-M890P,ld.global.ca,4,39,128,312,8,104,200,199,4153344,16613376,6645350400,3.00709,2.96724,3.04553,2209.89,2058.12
32,ZW-M890P,ld.global.ca,4,39,256,312,8,52,200,199,4153344,16613376,6645350400,3.04388,2.99745,3.08569,2183.18,2033.25
32,ZW-M890P,ld.global.ca,4,39,512,312,8,24,200,199,3833856,15335424,6134169600,2.83164,2.79351,2.85583,2166.3,2017.52
32,ZW-M890P,ld.global.ca,4,39,1024,312,8,12,200,199,3833856,15335424,6134169600,2.08983,1.8815,2.2721,2935.25,2733.66
32,ZW-M890P,ld.global.ca,8,39,128,312,8,104,200,199,4153344,16613376,6645350400,3.02487,2.95327,3.11739,2196.9,2046.03
32,ZW-M890P,ld.global.ca,8,39,256,312,8,48,200,199,3833856,15335424,6134169600,2.82865,2.77385,2.86486,2168.59,2019.65
32,ZW-M890P,ld.global.ca,8,39,512,312,8,24,200,199,3833856,15335424,6134169600,2.81675,2.72077,2.84345,2177.75,2028.19
32,ZW-M890P,ld.global.ca,8,39,1024,312,8,8,200,199,2555904,10223616,4089446400,0.84758,0.7606,0.98001,4824.85,4493.49
32,ZW-M890P,ld.global.cg,1,39,128,624,16,52,200,199,4153344,16613376,6645350400,3.05432,2.98052,3.08748,2175.72,2026.3
32,ZW-M890P,ld.global.cg,1,39,256,624,16,26,200,199,4153344,16613376,6645350400,3.05686,2.96799,3.10212,2173.91,2024.62
32,ZW-M890P,ld.global.cg,1,39,512,624,16,13,200,199,4153344,16613376,6645350400,3.02921,2.95753,3.11094,2193.76,2043.1
32,ZW-M890P,ld.global.cg,1,39,1024,624,16,6,200,199,3833856,15335424,6134169600,2.75712,2.73559,2.80252,2224.85,2072.05
32,ZW-M890P,ld.global.cg,2,39,128,624,16,52,200,199,4153344,16613376,6645350400,3.05524,2.97225,3.09117,2175.07,2025.69
32,ZW-M890P,ld.global.cg,2,39,256,624,16,26,200,199,4153344,16613376,6645350400,3.05737,3.00354,3.09776,2173.55,2024.28
32,ZW-M890P,ld.global.cg,2,39,512,624,16,12,200,199,3833856,15335424,6134169600,2.8425,2.75817,2.87177,2158.02,2009.81
32,ZW-M890P,ld.global.cg,2,39,1024,624,16,6,200,199,3833856,15335424,6134169600,2.75438,2.73189,2.80551,2227.06,2074.11
32,ZW-M890P,ld.global.cg,4,39,128,624,16,52,200,199,4153344,16613376,6645350400,3.05284,2.98065,3.08989,2176.78,2027.28
32,ZW-M890P,ld.global.cg,4,39,256,624,16,24,200,199,3833856,15335424,6134169600,2.83363,2.73055,2.89111,2164.77,2016.1
32,ZW-M890P,ld.global.cg,4,39,512,624,16,12,200,199,3833856,15335424,6134169600,2.84169,2.76246,2.86878,2158.63,2010.38
32,ZW-M890P,ld.global.cg,4,39,1024,624,16,4,200,199,2555904,10223616,4089446400,1.86306,1.84322,1.88692,2195.02,2044.27
32,ZW-M890P,ld.global.cg,8,39,128,624,16,48,200,199,3833856,15335424,6134169600,2.83857,2.80451,2.8536,2161.01,2012.59
32,ZW-M890P,ld.global.cg,8,39,256,624,16,24,200,199,3833856,15335424,6134169600,2.84206,2.80162,2.8589,2158.35,2010.12
32,ZW-M890P,ld.global.cg,8,39,512,624,16,8,200,199,2555904,10223616,4089446400,1.86642,1.83187,1.882,2191.06,2040.59
32,ZW-M890P,ld.global.cg,8,39,1024,624,16,8,200,199,5111808,20447232,8178892800,3.72367,3.68166,3.7634,2196.46,2045.61
32,ZW-M890P,ld.global.ca,1,39,128,624,16,52,200,199,4153344,16613376,6645350400,3.03823,2.97761,3.0773,2187.24,2037.03
32,ZW-M890P,ld.global.ca,1,39,256,624,16,26,200,199,4153344,16613376,6645350400,3.03092,2.97769,3.0737,2192.52,2041.94
32,ZW-M890P,ld.global.ca,1,39,512,624,16,13,200,199,4153344,16613376,6645350400,2.43689,2.27668,2.55423,2726.98,2539.7
32,ZW-M890P,ld.global.ca,1,39,1024,624,16,6,200,199,3833856,15335424,6134169600,0.92819,0.90276,0.94652,6608.74,6154.87
32,ZW-M890P,ld.global.ca,2,39,128,624,16,52,200,199,4153344,16613376,6645350400,3.01814,2.94245,3.07469,2201.8,2050.59
32,ZW-M890P,ld.global.ca,2,39,256,624,16,26,200,199,4153344,16613376,6645350400,3.02857,2.97975,3.07545,2194.22,2043.53
32,ZW-M890P,ld.global.ca,2,39,512,624,16,12,200,199,3833856,15335424,6134169600,1.97005,1.9067,2.0421,3113.71,2899.87
32,ZW-M890P,ld.global.ca,2,39,1024,624,16,6,200,199,3833856,15335424,6134169600,0.97971,0.95241,1.00597,6261.21,5831.21
32,ZW-M890P,ld.global.ca,4,39,128,624,16,52,200,199,4153344,16613376,6645350400,3.03988,2.97258,3.07641,2186.06,2035.92
32,ZW-M890P,ld.global.ca,4,39,256,624,16,24,200,199,3833856,15335424,6134169600,2.80211,2.7036,2.84051,2189.13,2038.78
32,ZW-M890P,ld.global.ca,4,39,512,624,16,12,200,199,3833856,15335424,6134169600,1.93152,1.87638,2.04156,3175.83,2957.72
32,ZW-M890P,ld.global.ca,4,39,1024,624,16,4,200,199,2555904,10223616,4089446400,0.43423,0.43363,0.4361,9417.7,8770.91
32,ZW-M890P,ld.global.ca,8,39,128,624,16,48,200,199,3833856,15335424,6134169600,2.82866,2.73445,2.86413,2168.58,2019.65
32,ZW-M890P,ld.global.ca,8,39,256,624,16,24,200,199,3833856,15335424,6134169600,2.81595,2.77232,2.84995,2178.37,2028.76
32,ZW-M890P,ld.global.ca,8,39,512,624,16,8,200,199,2555904,10223616,4089446400,0.84836,0.76802,0.9404,4820.41,4489.36
32,ZW-M890P,ld.global.ca,8,39,1024,624,16,8,200,199,5111808,20447232,8178892800,1.66614,1.50331,1.84352,4908.89,4571.76
64,ZW-M890P,ld.global.cg,1,39,128,39,1,1680,200,199,8386560,33546240,13418496000,45.2607,45.1892,45.3184,296.471,276.11
64,ZW-M890P,ld.global.cg,1,39,256,39,1,840,200,199,8386560,33546240,13418496000,21.7894,21.7406,21.8348,615.828,573.534
64,ZW-M890P,ld.global.cg,1,39,512,39,1,420,200,199,8386560,33546240,13418496000,9.94116,9.92416,9.96114,1349.79,1257.09
64,ZW-M890P,ld.global.cg,1,39,1024,39,1,210,200,199,8386560,33546240,13418496000,6.47497,6.46535,6.49227,2072.36,1930.04
64,ZW-M890P,ld.global.cg,2,39,128,39,1,1680,200,199,8386560,33546240,13418496000,45.5158,45.3673,45.7177,294.809,274.563
64,ZW-M890P,ld.global.cg,2,39,256,39,1,840,200,199,8386560,33546240,13418496000,22.101,22.0655,22.1276,607.145,565.448
64,ZW-M890P,ld.global.cg,2,39,512,39,1,420,200,199,8386560,33546240,13418496000,10.107,10.0933,10.1262,1327.65,1236.47
64,ZW-M890P,ld.global.cg,2,39,1024,39,1,210,200,199,8386560,33546240,13418496000,6.46007,6.44868,6.47437,2077.14,1934.49
64,ZW-M890P,ld.global.cg,4,39,128,39,1,1680,200,199,8386560,33546240,13418496000,45.4216,45.3397,45.6666,295.421,275.132
64,ZW-M890P,ld.global.cg,4,39,256,39,1,840,200,199,8386560,33546240,13418496000,22.0529,22.0202,22.0973,608.47,566.682
64,ZW-M890P,ld.global.cg,4,39,512,39,1,420,200,199,8386560,33546240,13418496000,10.161,10.1429,10.1857,1320.58,1229.89
64,ZW-M890P,ld.global.cg,4,39,1024,39,1,208,200,199,8306688,33226752,13290700800,6.4307,6.42249,6.44959,2066.76,1924.82
64,ZW-M890P,ld.global.cg,8,39,128,39,1,1680,200,199,8386560,33546240,13418496000,24.9603,24.8833,25.0469,537.594,500.674
64,ZW-M890P,ld.global.cg,8,39,256,39,1,840,200,199,8386560,33546240,13418496000,12.6995,12.6716,12.7239,1056.62,984.05
64,ZW-M890P,ld.global.cg,8,39,512,39,1,416,200,199,8306688,33226752,13290700800,7.08736,7.0764,7.10398,1875.27,1746.48
64,ZW-M890P,ld.global.cg,8,39,1024,39,1,208,200,199,8306688,33226752,13290700800,6.01856,5.94542,6.04951,2208.29,2056.63
64,ZW-M890P,ld.global.ca,1,39,128,39,1,1680,200,199,8386560,33546240,13418496000,46.1138,46.0257,46.1717,290.986,271.002
64,ZW-M890P,ld.global.ca,1,39,256,39,1,840,200,199,8386560,33546240,13418496000,22.2601,22.2006,22.3128,602.805,561.405
64,ZW-M890P,ld.global.ca,1,39,512,39,1,420,200,199,8386560,33546240,13418496000,10.1599,10.1459,10.1725,1320.73,1230.03
64,ZW-M890P,ld.global.ca,1,39,1024,39,1,210,200,199,8386560,33546240,13418496000,6.58185,6.57403,6.59235,2038.71,1898.7
64,ZW-M890P,ld.global.ca,2,39,128,39,1,1680,200,199,8386560,33546240,13418496000,46.3184,46.2644,46.3697,289.701,269.805
64,ZW-M890P,ld.global.ca,2,39,256,39,1,840,200,199,8386560,33546240,13418496000,22.4293,22.4048,22.4765,598.256,557.169
64,ZW-M890P,ld.global.ca,2,39,512,39,1,420,200,199,8386560,33546240,13418496000,10.2655,10.2549,10.2865,1307.14,1217.37
64,ZW-M890P,ld.global.ca,2,39,1024,39,1,210,200,199,8386560,33546240,13418496000,6.56328,6.55633,6.57233,2044.48,1904.07
64,ZW-M890P,ld.global.ca,4,39,128,39,1,1680,200,199,8386560,33546240,13418496000,46.2221,46.1478,46.2942,290.305,270.367
64,ZW-M890P,ld.global.ca,4,39,256,39,1,840,200,199,8386560,33546240,13418496000,22.3158,22.2644,22.3489,601.299,560.003
64,ZW-M890P,ld.global.ca,4,39,512,39,1,420,200,199,8386560,33546240,13418496000,10.2907,10.2709,10.3099,1303.94,1214.39
64,ZW-M890P,ld.global.ca,4,39,1024,39,1,208,200,199,8306688,33226752,13290700800,6.50974,6.50073,6.51838,2041.66,1901.45
64,ZW-M890P,ld.global.ca,8,39,128,39,1,1680,200,199,8386560,33546240,13418496000,25.1877,25.1373,25.2184,532.741,496.153
64,ZW-M890P,ld.global.ca,8,39,256,39,1,840,200,199,8386560,33546240,13418496000,12.6821,12.6579,12.7115,1058.07,985.402
64,ZW-M890P,ld.global.ca,8,39,512,39,1,416,200,199,8306688,33226752,13290700800,7.03548,7.02293,7.04578,1889.1,1759.36
64,ZW-M890P,ld.global.ca,8,39,1024,39,1,208,200,199,8306688,33226752,13290700800,5.94592,5.92049,5.97423,2235.26,2081.75
64,ZW-M890P,ld.global.cg,1,39,128,78,2,840,200,199,8386560,33546240,13418496000,21.9085,21.8385,21.9623,612.478,570.415
64,ZW-M890P,ld.global.cg,1,39,256,78,2,420,200,199,8386560,33546240,13418496000,11.14,11.118,11.1562,1204.53,1121.81
64,ZW-M890P,ld.global.cg,1,39,512,78,2,210,200,199,8386560,33546240,13418496000,6.45363,6.44054,6.47547,2079.22,1936.42
64,ZW-M890P,ld.global.cg,1,39,1024,78,2,105,200,199,8386560,33546240,13418496000,5.99932,5.95641,6.03015,2236.67,2083.06
64,ZW-M890P,ld.global.cg,2,39,128,78,2,840,200,199,8386560,33546240,13418496000,22.1283,22.0678,22.1882,606.395,564.749
64,ZW-M890P,ld.global.cg,2,39,256,78,2,420,200,199,8386560,33546240,13418496000,11.3129,11.2908,11.331,1186.12,1104.66
64,ZW-M890P,ld.global.cg,2,39,512,78,2,210,200,199,8386560,33546240,13418496000,6.47346,6.46373,6.48847,2072.85,1930.49
64,ZW-M890P,ld.global.cg,2,39,1024,78,2,104,200,199,8306688,33226752,13290700800,5.92871,5.89043,6.0049,2241.75,2087.79
64,ZW-M890P,ld.global.cg,4,39,128,78,2,840,200,199,8386560,33546240,13418496000,21.896,21.8419,21.9607,612.83,570.742
64,ZW-M890P,ld.global.cg,4,39,256,78,2,420,200,199,8386560,33546240,13418496000,11.0778,11.0597,11.1016,1211.3,1128.11
64,ZW-M890P,ld.global.cg,4,39,512,78,2,208,200,199,8306688,33226752,13290700800,6.29555,6.2852,6.30972,2111.13,1966.14
64,ZW-M890P,ld.global.cg,4,39,1024,78,2,104,200,199,8306688,33226752,13290700800,5.94256,5.88768,6.02402,2236.53,2082.93
64,ZW-M890P,ld.global.cg,8,39,128,78,2,840,200,199,8386560,33546240,13418496000,12.596,12.5686,12.6303,1065.3,992.135
64,ZW-M890P,ld.global.cg,8,39,256,78,2,416,200,199,8306688,33226752,13290700800,7.10097,7.09014,7.11732,1871.67,1743.13
64,ZW-M890P,ld.global.cg,8,39,512,78,2,208,200,199,8306688,33226752,13290700800,5.99561,5.97583,6.01099,2216.74,2064.5
64,ZW-M890P,ld.global.cg,8,39,1024,78,2,104,200,199,8306688,33226752,13290700800,6.05448,5.85016,6.26846,2195.18,2044.42
64,ZW-M890P,ld.global.ca,1,39,128,78,2,840,200,199,8386560,33546240,13418496000,22.292,22.2613,22.3542,601.941,560.602
64,ZW-M890P,ld.global.ca,1,39,256,78,2,420,200,199,8386560,33546240,13418496000,11.3085,11.2925,11.3245,1186.59,1105.09
64,ZW-M890P,ld.global.ca,1,39,512,78,2,210,200,199,8386560,33546240,13418496000,6.57726,6.56824,6.58562,2040.13,1900.02
64,ZW-M890P,ld.global.ca,1,39,1024,78,2,105,200,199,8386560,33546240,13418496000,6.01829,6.00101,6.04145,2229.62,2076.49
64,ZW-M890P,ld.global.ca,2,39,128,78,2,840,200,199,8386560,33546240,13418496000,22.3647,22.3166,22.4194,599.986,558.78
64,ZW-M890P,ld.global.ca,2,39,256,78,2,420,200,199,8386560,33546240,13418496000,11.4652,11.4508,11.4828,1170.37,1089.99
64,ZW-M890P,ld.global.ca,2,39,512,78,2,210,200,199,8386560,33546240,13418496000,6.60115,6.59341,6.60882,2032.75,1893.15
64,ZW-M890P,ld.global.ca,2,39,1024,78,2,104,200,199,8306688,33226752,13290700800,5.95394,5.931,5.98465,2232.25,2078.95
64,ZW-M890P,ld.global.ca,4,39,128,78,2,840,200,199,8386560,33546240,13418496000,22.2967,22.2545,22.3748,601.815,560.484
64,ZW-M890P,ld.global.ca,4,39,256,78,2,420,200,199,8386560,33546240,13418496000,11.3098,11.2938,11.3257,1186.44,1104.96
64,ZW-M890P,ld.global.ca,4,39,512,78,2,208,200,199,8306688,33226752,13290700800,6.44577,6.43784,6.4604,2061.93,1920.32
64,ZW-M890P,ld.global.ca,4,39,1024,78,2,104,200,199,8306688,33226752,13290700800,5.95235,5.9285,5.98845,2232.85,2079.5
64,ZW-M890P,ld.global.ca,8,39,128,78,2,840,200,199,8386560,33546240,13418496000,12.6931,12.6732,12.7122,1057.15,984.55
64,ZW-M890P,ld.global.ca,8,39,256,78,2,416,200,199,8306688,33226752,13290700800,7.06313,7.05278,7.07869,1881.7,1752.47
64,ZW-M890P,ld.global.ca,8,39,512,78,2,208,200,199,8306688,33226752,13290700800,5.9871,5.96725,6.02822,2219.89,2067.43
64,ZW-M890P,ld.global.ca,8,39,1024,78,2,104,200,199,8306688,33226752,13290700800,5.92314,5.90071,5.951,2243.86,2089.76
64,ZW-M890P,ld.global.cg,1,39,128,156,4,420,200,199,8386560,33546240,13418496000,11.0824,11.0669,11.1021,1210.79,1127.63
64,ZW-M890P,ld.global.cg,1,39,256,156,4,210,200,199,8386560,33546240,13418496000,6.52112,6.51061,6.54028,2057.7,1916.38
64,ZW-M890P,ld.global.cg,1,39,512,156,4,105,200,199,8386560,33546240,13418496000,6.00883,5.98256,6.05437,2233.13,2079.76
64,ZW-M890P,ld.global.cg,1,39,1024,156,4,52,200,199,8306688,33226752,13290700800,6.16126,6.13453,6.20291,2157.14,2008.99
64,ZW-M890P,ld.global.cg,2,39,128,156,4,420,200,199,8386560,33546240,13418496000,11.2352,11.2206,11.2545,1194.33,1112.31
64,ZW-M890P,ld.global.cg,2,39,256,156,4,210,200,199,8386560,33546240,13418496000,6.6016,6.58683,6.62168,2032.61,1893.02
64,ZW-M890P,ld.global.cg,2,39,512,156,4,104,200,199,8306688,33226752,13290700800,6.12915,6.07237,6.21436,2168.44,2019.52
64,ZW-M890P,ld.global.cg,2,39,1024,156,4,52,200,199,8306688,33226752,13290700800,6.16374,6.12105,6.19996,2156.27,2008.18
64,ZW-M890P,ld.global.cg,4,39,128,156,4,420,200,199,8386560,33546240,13418496000,11.1473,11.1304,11.167,1203.75,1121.07
64,ZW-M890P,ld.global.cg,4,39,256,156,4,208,200,199,8306688,33226752,13290700800,6.42565,6.41611,6.46319,2068.38,1926.33
64,ZW-M890P,ld.global.cg,4,39,512,156,4,104,200,199,8306688,33226752,13290700800,6.06739,6.0183,6.15455,2190.51,2040.07
64,ZW-M890P,ld.global.cg,4,39,1024,156,4,52,200,199,8306688,33226752,13290700800,6.16307,6.1354,6.20186,2156.51,2008.4
64,ZW-M890P,ld.global.cg,8,39,128,156,4,416,200,199,8306688,33226752,13290700800,7.05131,7.0321,7.07225,1884.86,1755.41
64,ZW-M890P,ld.global.cg,8,39,256,156,4,208,200,199,8306688,33226752,13290700800,6.15926,6.13217,6.18384,2157.84,2009.65
64,ZW-M890P,ld.global.cg,8,39,512,156,4,104,200,199,8306688,33226752,13290700800,6.10791,5.86324,6.36212,2175.98,2026.54
64,ZW-M890P,ld.global.cg,8,39,1024,156,4,48,200,199,7667712,30670848,12268339200,5.66614,5.63556,5.69039,2165.2,2016.5
64,ZW-M890P,ld.global.ca,1,39,128,156,4,420,200,199,8386560,33546240,13418496000,11.3173,11.3035,11.3317,1185.66,1104.23
64,ZW-M890P,ld.global.ca,1,39,256,156,4,210,200,199,8386560,33546240,13418496000,6.6856,6.67624,6.70184,2007.07,1869.23
64,ZW-M890P,ld.global.ca,1,39,512,156,4,105,200,199,8386560,33546240,13418496000,6.04986,6.02698,6.07813,2217.98,2065.66
64,ZW-M890P,ld.global.ca,1,39,1024,156,4,52,200,199,8306688,33226752,13290700800,6.13912,6.07809,6.21714,2164.92,2016.24
64,ZW-M890P,ld.global.ca,2,39,128,156,4,420,200,199,8386560,33546240,13418496000,11.3525,11.3401,11.3683,1181.99,1100.81
64,ZW-M890P,ld.global.ca,2,39,256,156,4,210,200,199,8386560,33546240,13418496000,6.66575,6.654,6.68475,2013.05,1874.8
64,ZW-M890P,ld.global.ca,2,39,512,156,4,104,200,199,8306688,33226752,13290700800,5.9966,5.97663,6.01809,2216.37,2064.16
64,ZW-M890P,ld.global.ca,2,39,1024,156,4,52,200,199,8306688,33226752,13290700800,6.13979,6.06502,6.20657,2164.68,2016.02
64,ZW-M890P,ld.global.ca,4,39,128,156,4,420,200,199,8386560,33546240,13418496000,11.2756,11.2603,11.2912,1190.04,1108.31
64,ZW-M890P,ld.global.ca,4,39,256,156,4,208,200,199,8306688,33226752,13290700800,6.50451,6.49575,6.51679,2043.31,1902.98
64,ZW-M890P,ld.global.ca,4,39,512,156,4,104,200,199,8306688,33226752,13290700800,5.98783,5.96815,6.00925,2219.62,2067.18
64,ZW-M890P,ld.global.ca,4,39,1024,156,4,52,200,199,8306688,33226752,13290700800,6.14004,6.07045,6.20263,2164.6,2015.94
64,ZW-M890P,ld.global.ca,8,39,128,156,4,416,200,199,8306688,33226752,13290700800,7.0946,7.08044,7.10656,1873.35,1744.7
64,ZW-M890P,ld.global.ca,8,39,256,156,4,208,200,199,8306688,33226752,13290700800,6.04358,6.01973,6.12297,2199.14,2048.11
64,ZW-M890P,ld.global.ca,8,39,512,156,4,104,200,199,8306688,33226752,13290700800,5.92735,5.90204,5.95789,2242.27,2088.27
64,ZW-M890P,ld.global.ca,8,39,1024,156,4,48,200,199,7667712,30670848,12268339200,5.63917,5.46116,5.70554,2175.56,2026.15
64,ZW-M890P,ld.global.cg,1,39,128,312,8,210,200,199,8386560,33546240,13418496000,6.41958,6.40872,6.43357,2090.25,1946.69
64,ZW-M890P,ld.global.cg,1,39,256,312,8,105,200,199,8386560,33546240,13418496000,6.0004,5.97392,6.02682,2236.27,2082.69
64,ZW-M890P,ld.global.cg,1,39,512,312,8,52,200,199,8306688,33226752,13290700800,6.21558,6.14519,6.30839,2138.29,1991.44
64,ZW-M890P,ld.global.cg,1,39,1024,312,8,26,200,199,8306688,33226752,13290700800,6.17694,6.12646,6.2247,2151.66,2003.89
64,ZW-M890P,ld.global.cg,2,39,128,312,8,210,200,199,8386560,33546240,13418496000,6.51447,6.50198,6.55453,2059.8,1918.34
64,ZW-M890P,ld.global.cg,2,39,256,312,8,104,200,199,8306688,33226752,13290700800,6.02766,5.94573,6.13617,2204.95,2053.52
64,ZW-M890P,ld.global.cg,2,39,512,312,8,52,200,199,8306688,33226752,13290700800,6.22581,6.16692,6.30603,2134.77,1988.16
64,ZW-M890P,ld.global.cg,2,39,1024,312,8,26,200,199,8306688,33226752,13290700800,6.17538,6.12672,6.22398,2152.21,2004.4
64,ZW-M890P,ld.global.cg,4,39,128,312,8,208,200,199,8306688,33226752,13290700800,6.38841,6.37733,6.40419,2080.44,1937.56
64,ZW-M890P,ld.global.cg,4,39,256,312,8,104,200,199,8306688,33226752,13290700800,5.94343,5.90133,5.97387,2236.2,2082.62
64,ZW-M890P,ld.global.cg,4,39,512,312,8,52,200,199,8306688,33226752,13290700800,6.21503,6.16137,6.30642,2138.48,1991.61
64,ZW-M890P,ld.global.cg,4,39,1024,312,8,24,200,199,7667712,30670848,12268339200,5.60794,5.51561,5.66147,2187.67,2037.43
64,ZW-M890P,ld.global.cg,8,39,128,312,8,208,200,199,8306688,33226752,13290700800,5.98639,5.96529,6.00951,2220.15,2067.68
64,ZW-M890P,ld.global.cg,8,39,256,312,8,104,200,199,8306688,33226752,13290700800,6.09457,5.86174,6.34675,2180.74,2030.98
64,ZW-M890P,ld.global.cg,8,39,512,312,8,48,200,199,7667712,30670848,12268339200,5.66339,5.62196,5.69338,2166.25,2017.48
64,ZW-M890P,ld.global.cg,8,39,1024,312,8,24,200,199,7667712,30670848,12268339200,5.64516,5.58659,5.67182,2173.25,2024
64,ZW-M890P,ld.global.ca,1,39,128,312,8,210,200,199,8386560,33546240,13418496000,6.58372,6.56455,6.60222,2038.13,1898.16
64,ZW-M890P,ld.global.ca,1,39,256,312,8,105,200,199,8386560,33546240,13418496000,6.01967,5.99943,6.06612,2229.11,2076.02
64,ZW-M890P,ld.global.ca,1,39,512,312,8,52,200,199,8306688,33226752,13290700800,6.18914,6.14349,6.24006,2147.42,1999.94
64,ZW-M890P,ld.global.ca,1,39,1024,312,8,26,200,199,8306688,33226752,13290700800,6.14075,6.07889,6.19532,2164.34,2015.7
64,ZW-M890P,ld.global.ca,2,39,128,312,8,210,200,199,8386560,33546240,13418496000,6.60862,6.59806,6.62341,2030.45,1891.01
64,ZW-M890P,ld.global.ca,2,39,256,312,8,104,200,199,8306688,33226752,13290700800,5.99832,5.96933,6.02706,2215.74,2063.57
64,ZW-M890P,ld.global.ca,2,39,512,312,8,52,200,199,8306688,33226752,13290700800,6.18843,6.12248,6.23043,2147.67,2000.17
64,ZW-M890P,ld.global.ca,2,39,1024,312,8,26,200,199,8306688,33226752,13290700800,6.13231,6.06067,6.18762,2167.32,2018.48
64,ZW-M890P,ld.global.ca,4,39,128,312,8,208,200,199,8306688,33226752,13290700800,6.50669,6.49161,6.52103,2042.62,1902.34
64,ZW-M890P,ld.global.ca,4,39,256,312,8,104,200,199,8306688,33226752,13290700800,5.99733,5.96944,6.03876,2216.1,2063.91
64,ZW-M890P,ld.global.ca,4,39,512,312,8,52,200,199,8306688,33226752,13290700800,6.19015,6.14631,6.2436,2147.07,1999.62
64,ZW-M890P,ld.global.ca,4,39,1024,312,8,24,200,199,7667712,30670848,12268339200,5.60316,5.51756,5.65979,2189.54,2039.17
64,ZW-M890P,ld.global.ca,8,39,128,312,8,208,200,199,8306688,33226752,13290700800,5.99224,5.95935,6.04413,2217.99,2065.66
64,ZW-M890P,ld.global.ca,8,39,256,312,8,104,200,199,8306688,33226752,13290700800,5.96657,5.93741,6.00418,2227.53,2074.55
64,ZW-M890P,ld.global.ca,8,39,512,312,8,48,200,199,7667712,30670848,12268339200,5.65036,5.57005,5.70805,2171.25,2022.13
64,ZW-M890P,ld.global.ca,8,39,1024,312,8,24,200,199,7667712,30670848,12268339200,5.59675,5.50429,5.66591,2192.05,2041.5
64,ZW-M890P,ld.global.cg,1,39,128,624,16,105,200,199,8386560,33546240,13418496000,5.98191,5.96173,6.05509,2243.18,2089.12
64,ZW-M890P,ld.global.cg,1,39,256,624,16,52,200,199,8306688,33226752,13290700800,6.23417,6.19698,6.31594,2131.91,1985.5
64,ZW-M890P,ld.global.cg,1,39,512,624,16,26,200,199,8306688,33226752,13290700800,6.18923,6.10994,6.24892,2147.39,1999.91
64,ZW-M890P,ld.global.cg,1,39,1024,624,16,13,200,199,8306688,33226752,13290700800,6.08144,5.99133,6.17048,2185.45,2035.36
64,ZW-M890P,ld.global.cg,2,39,128,624,16,104,200,199,8306688,33226752,13290700800,6.05926,5.97189,6.17986,2193.45,2042.81
64,ZW-M890P,ld.global.cg,2,39,256,624,16,52,200,199,8306688,33226752,13290700800,6.22904,6.19264,6.29246,2133.67,1987.13
64,ZW-M890P,ld.global.cg,2,39,512,624,16,26,200,199,8306688,33226752,13290700800,6.18679,6.12424,6.24062,2148.24,2000.7
64,ZW-M890P,ld.global.cg,2,39,1024,624,16,12,200,199,7667712,30670848,12268339200,5.51863,5.43172,5.5994,2223.08,2070.4
64,ZW-M890P,ld.global.cg,4,39,128,624,16,104,200,199,8306688,33226752,13290700800,6.03377,5.94088,6.26073,2202.72,2051.44
64,ZW-M890P,ld.global.cg,4,39,256,624,16,52,200,199,8306688,33226752,13290700800,6.23549,6.19754,6.34771,2131.46,1985.08
64,ZW-M890P,ld.global.cg,4,39,512,624,16,24,200,199,7667712,30670848,12268339200,5.69257,5.50965,5.84576,2155.15,2007.14
64,ZW-M890P,ld.global.cg,4,39,1024,624,16,12,200,199,7667712,30670848,12268339200,5.51836,5.41075,5.6307,2223.19,2070.5
64,ZW-M890P,ld.global.cg,8,39,128,624,16,104,200,199,8306688,33226752,13290700800,6.00512,5.86032,6.27211,2213.23,2061.23
64,ZW-M890P,ld.global.cg,8,39,256,624,16,48,200,199,7667712,30670848,12268339200,5.65957,5.62077,5.68129,2167.72,2018.84
64,ZW-M890P,ld.global.cg,8,39,512,624,16,24,200,199,7667712,30670848,12268339200,5.63052,5.56652,5.66055,2178.9,2029.26
64,ZW-M890P,ld.global.cg,8,39,1024,624,16,8,200,199,5111808,20447232,8178892800,3.7287,3.68427,3.76201,2193.5,2042.85
64,ZW-M890P,ld.global.ca,1,39,128,624,16,105,200,199,8386560,33546240,13418496000,6.02265,5.98787,6.07752,2228.01,2074.99
64,ZW-M890P,ld.global.ca,1,39,256,624,16,52,200,199,8306688,33226752,13290700800,6.17978,6.07649,6.22759,2150.68,2002.97
64,ZW-M890P,ld.global.ca,1,39,512,624,16,26,200,199,8306688,33226752,13290700800,6.11781,6.02317,6.16944,2172.46,2023.26
64,ZW-M890P,ld.global.ca,1,39,1024,624,16,13,200,199,8306688,33226752,13290700800,4.54085,4.41466,4.69982,2926.92,2725.91
64,ZW-M890P,ld.global.ca,2,39,128,624,16,104,200,199,8306688,33226752,13290700800,5.97121,5.92976,6.01833,2225.8,2072.93
64,ZW-M890P,ld.global.ca,2,39,256,624,16,52,200,199,8306688,33226752,13290700800,6.18482,6.1273,6.22941,2148.92,2001.34
64,ZW-M890P,ld.global.ca,2,39,512,624,16,26,200,199,8306688,33226752,13290700800,6.12701,6.02581,6.18791,2169.2,2020.22
64,ZW-M890P,ld.global.ca,2,39,1024,624,16,12,200,199,7667712,30670848,12268339200,3.97491,3.85054,4.12809,3086.44,2874.48
64,ZW-M890P,ld.global.ca,4,39,128,624,16,104,200,199,8306688,33226752,13290700800,5.97081,5.93941,6.02815,2225.95,2073.07
64,ZW-M890P,ld.global.ca,4,39,256,624,16,52,200,199,8306688,33226752,13290700800,6.18368,6.10425,6.23145,2149.32,2001.71
64,ZW-M890P,ld.global.ca,4,39,512,624,16,24,200,199,7667712,30670848,12268339200,5.63088,5.54343,5.6825,2178.76,2029.13
64,ZW-M890P,ld.global.ca,4,39,1024,624,16,12,200,199,7667712,30670848,12268339200,3.9524,3.82762,4.07372,3104.02,2890.85
64,ZW-M890P,ld.global.ca,8,39,128,624,16,104,200,199,8306688,33226752,13290700800,5.97736,5.94244,6.02877,2223.51,2070.8
64,ZW-M890P,ld.global.ca,8,39,256,624,16,48,200,199,7667712,30670848,12268339200,5.63456,5.56077,5.70203,2177.34,2027.8
64,ZW-M890P,ld.global.ca,8,39,512,624,16,24,200,199,7667712,30670848,12268339200,5.59334,5.52298,5.6481,2193.38,2042.75
64,ZW-M890P,ld.global.ca,8,39,1024,624,16,8,200,199,5111808,20447232,8178892800,1.66553,1.5261,1.80552,4910.68,4573.43
128,ZW-M890P,ld.global.cg,1,39,128,39,1,3360,200,199,16773120,67092480,26836992000,91.0098,90.3753,91.242,294.88,274.628
128,ZW-M890P,ld.global.cg,1,39,256,39,1,1680,200,199,16773120,67092480,26836992000,44.2724,44.1814,44.3284,606.179,564.548
128,ZW-M890P,ld.global.cg,1,39,512,39,1,840,200,199,16773120,67092480,26836992000,21.0101,20.8448,21.2142,1277.34,1189.61
128,ZW-M890P,ld.global.cg,1,39,1024,39,1,420,200,199,16773120,67092480,26836992000,12.8713,12.8566,12.8913,2085.02,1941.83
128,ZW-M890P,ld.global.cg,2,39,128,39,1,3360,200,199,16773120,67092480,26836992000,91.5219,91.3903,91.6074,293.23,273.092
128,ZW-M890P,ld.global.cg,2,39,256,39,1,1680,200,199,16773120,67092480,26836992000,44.5821,44.5124,44.6482,601.968,560.626
128,ZW-M890P,ld.global.cg,2,39,512,39,1,840,200,199,16773120,67092480,26836992000,21.5921,21.2515,21.6446,1242.91,1157.55
128,ZW-M890P,ld.global.cg,2,39,1024,39,1,420,200,199,16773120,67092480,26836992000,12.938,12.9214,12.966,2074.28,1931.82
128,ZW-M890P,ld.global.cg,4,39,128,39,1,3360,200,199,16773120,67092480,26836992000,91.4619,91.3521,91.5666,293.423,273.271
128,ZW-M890P,ld.global.cg,4,39,256,39,1,1680,200,199,16773120,67092480,26836992000,44.1818,44.1177,44.2457,607.422,565.706
128,ZW-M890P,ld.global.cg,4,39,512,39,1,840,200,199,16773120,67092480,26836992000,21.6078,21.2639,21.6792,1242,1156.71
128,ZW-M890P,ld.global.cg,4,39,1024,39,1,420,200,199,16773120,67092480,26836992000,12.8982,12.8818,12.9219,2080.68,1937.78
128,ZW-M890P,ld.global.cg,8,39,128,39,1,3360,200,199,16773120,67092480,26836992000,49.9965,49.9314,50.072,536.777,499.913
128,ZW-M890P,ld.global.cg,8,39,256,39,1,1680,200,199,16773120,67092480,26836992000,25.1062,25.065,25.1433,1068.94,995.527
128,ZW-M890P,ld.global.cg,8,39,512,39,1,840,200,199,16773120,67092480,26836992000,14.0821,14.0652,14.1109,1905.76,1774.88
128,ZW-M890P,ld.global.cg,8,39,1024,39,1,416,200,199,16613376,66453504,26581401600,11.9302,11.8833,11.9602,2228.08,2075.06
128,ZW-M890P,ld.global.ca,1,39,128,39,1,3360,200,199,16773120,67092480,26836992000,92.9031,92.73,93.2242,288.871,269.032
128,ZW-M890P,ld.global.ca,1,39,256,39,1,1680,200,199,16773120,67092480,26836992000,44.9226,44.8694,44.995,597.405,556.377
128,ZW-M890P,ld.global.ca,1,39,512,39,1,840,200,199,16773120,67092480,26836992000,21.8614,21.6251,21.9436,1227.6,1143.29
128,ZW-M890P,ld.global.ca,1,39,1024,39,1,420,200,199,16773120,67092480,26836992000,13.0757,13.0573,13.1004,2052.43,1911.47
128,ZW-M890P,ld.global.ca,2,39,128,39,1,3360,200,199,16773120,67092480,26836992000,93.017,92.9064,93.1068,288.517,268.703
128,ZW-M890P,ld.global.ca,2,39,256,39,1,1680,200,199,16773120,67092480,26836992000,45.4724,45.4128,45.534,590.181,549.649
128,ZW-M890P,ld.global.ca,2,39,512,39,1,840,200,199,16773120,67092480,26836992000,21.9498,21.6154,22.0329,1222.65,1138.68
128,ZW-M890P,ld.global.ca,2,39,1024,39,1,420,200,199,16773120,67092480,26836992000,13.1524,13.1355,13.1765,2040.47,1900.33
128,ZW-M890P,ld.global.ca,4,39,128,39,1,3360,200,199,16773120,67092480,26836992000,92.8264,92.7012,92.9113,289.109,269.254
128,ZW-M890P,ld.global.ca,4,39,256,39,1,1680,200,199,16773120,67092480,26836992000,44.9074,44.8242,45.0119,597.608,556.565
128,ZW-M890P,ld.global.ca,4,39,512,39,1,840,200,199,16773120,67092480,26836992000,21.7926,21.4328,22.0269,1231.47,1146.9
128,ZW-M890P,ld.global.ca,4,39,1024,39,1,420,200,199,16773120,67092480,26836992000,13.1127,13.0917,13.132,2046.64,1906.08
128,ZW-M890P,ld.global.ca,8,39,128,39,1,3360,200,199,16773120,67092480,26836992000,50.6514,50.5875,50.7316,529.837,493.449
128,ZW-M890P,ld.global.ca,8,39,256,39,1,1680,200,199,16773120,67092480,26836992000,25.438,25.3973,25.4832,1054.99,982.541
128,ZW-M890P,ld.global.ca,8,39,512,39,1,840,200,199,16773120,67092480,26836992000,14.241,14.2256,14.2688,1884.48,1755.06
128,ZW-M890P,ld.global.ca,8,39,1024,39,1,416,200,199,16613376,66453504,26581401600,11.8446,11.8096,11.8802,2244.19,2090.06
128,ZW-M890P,ld.global.cg,1,39,128,78,2,1680,200,199,16773120,67092480,26836992000,43.9351,43.8513,44.0001,610.833,568.883
128,ZW-M890P,ld.global.cg,1,39,256,78,2,840,200,199,16773120,67092480,26836992000,22.3017,22.2678,22.343,1203.36,1120.72
128,ZW-M890P,ld.global.cg,1,39,512,78,2,420,200,199,16773120,67092480,26836992000,12.9522,12.9379,12.9684,2072.01,1929.71
128,ZW-M890P,ld.global.cg,1,39,1024,78,2,210,200,199,16773120,67092480,26836992000,12.0888,11.9795,12.1797,2219.99,2067.52
128,ZW-M890P,ld.global.cg,2,39,128,78,2,1680,200,199,16773120,67092480,26836992000,44.312,44.2433,44.3715,605.637,564.043
128,ZW-M890P,ld.global.cg,2,39,256,78,2,840,200,199,16773120,67092480,26836992000,22.6486,22.6261,22.6784,1184.93,1103.55
128,ZW-M890P,ld.global.cg,2,39,512,78,2,420,200,199,16773120,67092480,26836992000,12.9754,12.9595,12.9986,2068.29,1926.25
128,ZW-M890P,ld.global.cg,2,39,1024,78,2,210,200,199,16773120,67092480,26836992000,12.0741,11.973,12.2023,2222.7,2070.05
128,ZW-M890P,ld.global.cg,4,39,128,78,2,1680,200,199,16773120,67092480,26836992000,43.9632,43.8851,44.0593,610.442,568.519
128,ZW-M890P,ld.global.cg,4,39,256,78,2,840,200,199,16773120,67092480,26836992000,22.3272,22.3022,22.3647,1201.99,1119.44
128,ZW-M890P,ld.global.cg,4,39,512,78,2,420,200,199,16773120,67092480,26836992000,13.0204,13.0071,13.0383,2061.15,1919.6
128,ZW-M890P,ld.global.cg,4,39,1024,78,2,208,200,199,16613376,66453504,26581401600,11.9864,11.8984,12.0515,2217.62,2065.32
128,ZW-M890P,ld.global.cg,8,39,128,78,2,1680,200,199,16773120,67092480,26836992000,25.4003,25.3618,25.4604,1056.56,983.999
128,ZW-M890P,ld.global.cg,8,39,256,78,2,840,200,199,16773120,67092480,26836992000,14.3025,14.2853,14.3351,1876.39,1747.52
128,ZW-M890P,ld.global.cg,8,39,512,78,2,416,200,199,16613376,66453504,26581401600,11.9687,11.9437,12,2220.9,2068.38
128,ZW-M890P,ld.global.cg,8,39,1024,78,2,208,200,199,16613376,66453504,26581401600,11.854,11.7005,12.3862,2242.4,2088.4
128,ZW-M890P,ld.global.ca,1,39,128,78,2,1680,200,199,16773120,67092480,26836992000,44.6841,44.577,44.7833,600.594,559.347
128,ZW-M890P,ld.global.ca,1,39,256,78,2,840,200,199,16773120,67092480,26836992000,22.5339,22.5109,22.5702,1190.96,1109.17
128,ZW-M890P,ld.global.ca,1,39,512,78,2,420,200,199,16773120,67092480,26836992000,13.112,13.0984,13.1301,2046.75,1906.18
128,ZW-M890P,ld.global.ca,1,39,1024,78,2,210,200,199,16773120,67092480,26836992000,12.1482,12.1157,12.1878,2209.14,2057.42
128,ZW-M890P,ld.global.ca,2,39,128,78,2,1680,200,199,16773120,67092480,26836992000,44.855,44.7967,44.9296,598.305,557.215
128,ZW-M890P,ld.global.ca,2,39,256,78,2,840,200,199,16773120,67092480,26836992000,22.9778,22.9511,23.0181,1167.95,1087.74
128,ZW-M890P,ld.global.ca,2,39,512,78,2,420,200,199,16773120,67092480,26836992000,13.309,13.2784,13.3364,2016.46,1877.98
128,ZW-M890P,ld.global.ca,2,39,1024,78,2,210,200,199,16773120,67092480,26836992000,12.1536,12.1089,12.1887,2208.15,2056.5
128,ZW-M890P,ld.global.ca,4,39,128,78,2,1680,200,199,16773120,67092480,26836992000,44.6975,44.6066,44.7803,600.413,559.178
128,ZW-M890P,ld.global.ca,4,39,256,78,2,840,200,199,16773120,67092480,26836992000,22.5361,22.5004,22.5715,1190.85,1109.06
128,ZW-M890P,ld.global.ca,4,39,512,78,2,420,200,199,16773120,67092480,26836992000,13.1044,13.0848,13.1215,2047.94,1907.29
128,ZW-M890P,ld.global.ca,4,39,1024,78,2,208,200,199,16613376,66453504,26581401600,11.8371,11.8013,11.8711,2245.6,2091.38
128,ZW-M890P,ld.global.ca,8,39,128,78,2,1680,200,199,16773120,67092480,26836992000,25.5816,25.5342,25.6195,1049.07,977.025
128,ZW-M890P,ld.global.ca,8,39,256,78,2,840,200,199,16773120,67092480,26836992000,14.5287,14.5045,14.5511,1847.18,1720.32
128,ZW-M890P,ld.global.ca,8,39,512,78,2,416,200,199,16613376,66453504,26581401600,11.8969,11.8566,11.9324,2234.31,2080.87
128,ZW-M890P,ld.global.ca,8,39,1024,78,2,208,200,199,16613376,66453504,26581401600,11.8444,11.7965,11.9147,2244.22,2090.09
128,ZW-M890P,ld.global.cg,1,39,128,156,4,840,200,199,16773120,67092480,26836992000,22.227,22.198,22.2615,1207.4,1124.48
128,ZW-M890P,ld.global.cg,1,39,256,156,4,420,200,199,16773120,67092480,26836992000,12.9146,12.8944,12.9426,2078.04,1935.32
128,ZW-M890P,ld.global.cg,1,39,512,156,4,210,200,199,16773120,67092480,26836992000,12.0412,11.9736,12.2042,2228.76,2075.7
128,ZW-M890P,ld.global.cg,1,39,1024,156,4,105,200,199,16773120,67092480,26836992000,11.9778,11.9225,12.1019,2240.56,2086.69
128,ZW-M890P,ld.global.cg,2,39,128,156,4,840,200,199,16773120,67092480,26836992000,22.5664,22.5457,22.5902,1189.25,1107.57
128,ZW-M890P,ld.global.cg,2,39,256,156,4,420,200,199,16773120,67092480,26836992000,13.0723,13.0514,13.1014,2052.96,1911.97
128,ZW-M890P,ld.global.cg,2,39,512,156,4,210,200,199,16773120,67092480,26836992000,12.0179,11.9479,12.1588,2233.08,2079.72
128,ZW-M890P,ld.global.cg,2,39,1024,156,4,104,200,199,16613376,66453504,26581401600,11.8428,11.7726,11.9696,2244.51,2090.36
128,ZW-M890P,ld.global.cg,4,39,128,156,4,840,200,199,16773120,67092480,26836992000,22.264,22.2393,22.3053,1205.4,1122.61
128,ZW-M890P,ld.global.cg,4,39,256,156,4,420,200,199,16773120,67092480,26836992000,13.0186,12.995,13.041,2061.43,1919.86
128,ZW-M890P,ld.global.cg,4,39,512,156,4,208,200,199,16613376,66453504,26581401600,11.934,11.8944,11.9962,2227.36,2074.39
128,ZW-M890P,ld.global.cg,4,39,1024,156,4,104,200,199,16613376,66453504,26581401600,11.8432,11.7416,11.9613,2244.44,2090.3
128,ZW-M890P,ld.global.cg,8,39,128,156,4,840,200,199,16773120,67092480,26836992000,13.9584,13.9377,13.9818,1922.64,1790.59
128,ZW-M890P,ld.global.cg,8,39,256,156,4,416,200,199,16613376,66453504,26581401600,12.2566,12.2166,12.2947,2168.74,2019.79
128,ZW-M890P,ld.global.cg,8,39,512,156,4,208,200,199,16613376,66453504,26581401600,11.8774,11.7239,12.3944,2237.98,2084.28
128,ZW-M890P,ld.global.cg,8,39,1024,156,4,104,200,199,16613376,66453504,26581401600,11.8419,11.672,12.2606,2244.7,2090.54
128,ZW-M890P,ld.global.ca,1,39,128,156,4,840,200,199,16773120,67092480,26836992000,22.6479,22.6295,22.6779,1184.97,1103.59
128,ZW-M890P,ld.global.ca,1,39,256,156,4,420,200,199,16773120,67092480,26836992000,13.1939,13.1784,13.2143,2034.04,1894.35
128,ZW-M890P,ld.global.ca,1,39,512,156,4,210,200,199,16773120,67092480,26836992000,12.1481,12.1264,12.1798,2209.15,2057.43
128,ZW-M890P,ld.global.ca,1,39,1024,156,4,105,200,199,16773120,67092480,26836992000,12.0062,11.967,12.0613,2235.26,2081.75
128,ZW-M890P,ld.global.ca,2,39,128,156,4,840,200,199,16773120,67092480,26836992000,22.9056,22.8815,22.9261,1171.64,1091.17
128,ZW-M890P,ld.global.ca,2,39,256,156,4,420,200,199,16773120,67092480,26836992000,13.3509,13.3364,13.3661,2010.12,1872.07
128,ZW-M890P,ld.global.ca,2,39,512,156,4,210,200,199,16773120,67092480,26836992000,12.1822,12.157,12.2352,2202.97,2051.67
128,ZW-M890P,ld.global.ca,2,39,1024,156,4,104,200,199,16613376,66453504,26581401600,11.8278,11.7847,11.8919,2247.37,2093.03
128,ZW-M890P,ld.global.ca,4,39,128,156,4,840,200,199,16773120,67092480,26836992000,22.6847,22.6455,22.7142,1183.04,1101.79
128,ZW-M890P,ld.global.ca,4,39,256,156,4,420,200,199,16773120,67092480,26836992000,13.237,13.2166,13.2557,2027.43,1888.19
128,ZW-M890P,ld.global.ca,4,39,512,156,4,208,200,199,16613376,66453504,26581401600,11.9972,11.9695,12.0402,2215.63,2063.47
128,ZW-M890P,ld.global.ca,4,39,1024,156,4,104,200,199,16613376,66453504,26581401600,11.8291,11.7644,11.8928,2247.12,2092.79
128,ZW-M890P,ld.global.ca,8,39,128,156,4,840,200,199,16773120,67092480,26836992000,14.39,14.358,14.4143,1864.97,1736.89
128,ZW-M890P,ld.global.ca,8,39,256,156,4,416,200,199,16613376,66453504,26581401600,12.012,11.9799,12.0584,2212.9,2060.92
128,ZW-M890P,ld.global.ca,8,39,512,156,4,208,200,199,16613376,66453504,26581401600,11.8842,11.8477,11.929,2236.69,2083.08
128,ZW-M890P,ld.global.ca,8,39,1024,156,4,104,200,199,16613376,66453504,26581401600,11.818,11.7744,11.8857,2249.23,2094.76
128,ZW-M890P,ld.global.cg,1,39,128,312,8,420,200,199,16773120,67092480,26836992000,12.9806,12.9509,13.0078,2067.47,1925.48
128,ZW-M890P,ld.global.cg,1,39,256,312,8,210,200,199,16773120,67092480,26836992000,12.1157,11.9615,12.2721,2215.06,2062.93
128,ZW-M890P,ld.global.cg,1,39,512,312,8,105,200,199,16773120,67092480,26836992000,11.9885,11.9309,12.0446,2238.56,2084.82
128,ZW-M890P,ld.global.cg,1,39,1024,312,8,52,200,199,16613376,66453504,26581401600,12.143,11.994,12.2555,2189.04,2038.7
128,ZW-M890P,ld.global.cg,2,39,128,312,8,420,200,199,16773120,67092480,26836992000,12.9795,12.9483,12.9984,2067.64,1925.64
128,ZW-M890P,ld.global.cg,2,39,256,312,8,210,200,199,16773120,67092480,26836992000,12.135,11.9641,12.3087,2211.53,2059.65
128,ZW-M890P,ld.global.cg,2,39,512,312,8,104,200,199,16613376,66453504,26581401600,11.9254,11.8669,12.0367,2228.98,2075.9
128,ZW-M890P,ld.global.cg,2,39,1024,312,8,52,200,199,16613376,66453504,26581401600,12.1448,11.9823,12.2478,2188.7,2038.39
128,ZW-M890P,ld.global.cg,4,39,128,312,8,420,200,199,16773120,67092480,26836992000,12.8399,12.8232,12.8539,2090.12,1946.58
128,ZW-M890P,ld.global.cg,4,39,256,312,8,208,200,199,16613376,66453504,26581401600,12.131,11.8708,12.3354,2191.2,2040.71
128,ZW-M890P,ld.global.cg,4,39,512,312,8,104,200,199,16613376,66453504,26581401600,11.9271,11.8509,12.0645,2228.65,2075.59
128,ZW-M890P,ld.global.cg,4,39,1024,312,8,52,200,199,16613376,66453504,26581401600,12.1413,12.0013,12.243,2189.34,2038.99
128,ZW-M890P,ld.global.cg,8,39,128,312,8,416,200,199,16613376,66453504,26581401600,12.0591,12.0334,12.0933,2204.26,2052.88
128,ZW-M890P,ld.global.cg,8,39,256,312,8,208,200,199,16613376,66453504,26581401600,11.9955,11.7552,12.5326,2215.95,2063.76
128,ZW-M890P,ld.global.cg,8,39,512,312,8,104,200,199,16613376,66453504,26581401600,11.8831,11.6933,12.2787,2236.9,2083.28
128,ZW-M890P,ld.global.cg,8,39,1024,312,8,48,200,199,15335424,61341696,24536678400,11.3003,11.2001,11.3488,2171.34,2022.21
128,ZW-M890P,ld.global.ca,1,39,128,312,8,420,200,199,16773120,67092480,26836992000,13.1757,13.1504,13.2027,2036.86,1896.97
128,ZW-M890P,ld.global.ca,1,39,256,312,8,210,200,199,16773120,67092480,26836992000,12.1425,12.1002,12.1981,2210.16,2058.37
128,ZW-M890P,ld.global.ca,1,39,512,312,8,105,200,199,16773120,67092480,26836992000,12.0339,12.0075,12.0685,2230.12,2076.96
128,ZW-M890P,ld.global.ca,1,39,1024,312,8,52,200,199,16613376,66453504,26581401600,12.1263,11.9002,12.2862,2192.05,2041.5
128,ZW-M890P,ld.global.ca,2,39,128,312,8,420,200,199,16773120,67092480,26836992000,13.296,13.2717,13.3211,2018.43,1879.81
128,ZW-M890P,ld.global.ca,2,39,256,312,8,210,200,199,16773120,67092480,26836992000,12.1832,12.1265,12.2835,2202.78,2051.5
128,ZW-M890P,ld.global.ca,2,39,512,312,8,104,200,199,16613376,66453504,26581401600,11.9329,11.8754,11.9907,2227.57,2074.58
128,ZW-M890P,ld.global.ca,2,39,1024,312,8,52,200,199,16613376,66453504,26581401600,12.1266,11.9168,12.3084,2191.99,2041.45
128,ZW-M890P,ld.global.ca,4,39,128,312,8,420,200,199,16773120,67092480,26836992000,13.2326,13.2144,13.2537,2028.1,1888.82
128,ZW-M890P,ld.global.ca,4,39,256,312,8,208,200,199,16613376,66453504,26581401600,11.9876,11.94,12.0378,2217.41,2065.13
128,ZW-M890P,ld.global.ca,4,39,512,312,8,104,200,199,16613376,66453504,26581401600,11.9312,11.8691,11.9891,2227.89,2074.89
128,ZW-M890P,ld.global.ca,4,39,1024,312,8,52,200,199,16613376,66453504,26581401600,12.1313,11.8999,12.3039,2191.14,2040.66
128,ZW-M890P,ld.global.ca,8,39,128,312,8,416,200,199,16613376,66453504,26581401600,11.8935,11.8491,11.9402,2234.95,2081.46
128,ZW-M890P,ld.global.ca,8,39,256,312,8,208,200,199,16613376,66453504,26581401600,11.9124,11.8687,11.9751,2231.41,2078.16
128,ZW-M890P,ld.global.ca,8,39,512,312,8,104,200,199,16613376,66453504,26581401600,11.8345,11.7776,11.9149,2246.09,2091.84
128,ZW-M890P,ld.global.ca,8,39,1024,312,8,48,200,199,15335424,61341696,24536678400,11.253,10.9863,11.3737,2180.45,2030.7
128,ZW-M890P,ld.global.cg,1,39,128,624,16,210,200,199,16773120,67092480,26836992000,12.1639,11.9739,12.2941,2206.28,2054.76
128,ZW-M890P,ld.global.cg,1,39,256,624,16,105,200,199,16773120,67092480,26836992000,12.0674,11.9714,12.2383,2223.93,2071.2
128,ZW-M890P,ld.global.cg,1,39,512,624,16,52,200,199,16613376,66453504,26581401600,12.2723,12.1155,12.3793,2165.96,2017.21
128,ZW-M890P,ld.global.cg,1,39,1024,624,16,26,200,199,16613376,66453504,26581401600,12.145,11.9639,12.2851,2188.66,2038.35
128,ZW-M890P,ld.global.cg,2,39,128,624,16,210,200,199,16773120,67092480,26836992000,12.1668,11.9755,12.3163,2205.75,2054.26
128,ZW-M890P,ld.global.cg,2,39,256,624,16,104,200,199,16613376,66453504,26581401600,12.148,11.8314,12.4229,2188.14,2037.86
128,ZW-M890P,ld.global.cg,2,39,512,624,16,52,200,199,16613376,66453504,26581401600,12.2667,12.1763,12.3879,2166.96,2018.14
128,ZW-M890P,ld.global.cg,2,39,1024,624,16,26,200,199,16613376,66453504,26581401600,12.1498,11.9414,12.2512,2187.8,2037.55
128,ZW-M890P,ld.global.cg,4,39,128,624,16,208,200,199,16613376,66453504,26581401600,11.9223,11.7675,12.169,2229.55,2076.43
128,ZW-M890P,ld.global.cg,4,39,256,624,16,104,200,199,16613376,66453504,26581401600,12.1845,11.8658,12.4485,2181.58,2031.75
128,ZW-M890P,ld.global.cg,4,39,512,624,16,52,200,199,16613376,66453504,26581401600,12.2717,12.146,12.4141,2166.07,2017.31
128,ZW-M890P,ld.global.cg,4,39,1024,624,16,24,200,199,15335424,61341696,24536678400,11.1147,11.016,11.2564,2207.59,2055.97
128,ZW-M890P,ld.global.cg,8,39,128,624,16,208,200,199,16613376,66453504,26581401600,12.008,11.7828,12.5083,2213.63,2061.61
128,ZW-M890P,ld.global.cg,8,39,256,624,16,104,200,199,16613376,66453504,26581401600,12.049,11.7013,12.4897,2206.11,2054.6
128,ZW-M890P,ld.global.cg,8,39,512,624,16,48,200,199,15335424,61341696,24536678400,11.2885,11.2335,11.3298,2173.59,2024.32
128,ZW-M890P,ld.global.cg,8,39,1024,624,16,24,200,199,15335424,61341696,24536678400,11.2847,11.1752,11.3338,2174.33,2025
128,ZW-M890P,ld.global.ca,1,39,128,624,16,210,200,199,16773120,67092480,26836992000,12.1518,12.1081,12.2308,2208.48,2056.8
128,ZW-M890P,ld.global.ca,1,39,256,624,16,105,200,199,16773120,67092480,26836992000,11.9967,11.9693,12.0365,2237.03,2083.39
128,ZW-M890P,ld.global.ca,1,39,512,624,16,52,200,199,16613376,66453504,26581401600,12.274,12.1426,12.3652,2165.67,2016.93
128,ZW-M890P,ld.global.ca,1,39,1024,624,16,26,200,199,16613376,66453504,26581401600,12.098,11.8367,12.1884,2197.18,2046.28
128,ZW-M890P,ld.global.ca,2,39,128,624,16,210,200,199,16773120,67092480,26836992000,12.1892,12.1378,12.2644,2201.71,2050.5
128,ZW-M890P,ld.global.ca,2,39,256,624,16,104,200,199,16613376,66453504,26581401600,11.8616,11.8058,11.9448,2240.96,2087.05
128,ZW-M890P,ld.global.ca,2,39,512,624,16,52,200,199,16613376,66453504,26581401600,12.2685,12.1636,12.3475,2166.63,2017.83
128,ZW-M890P,ld.global.ca,2,39,1024,624,16,26,200,199,16613376,66453504,26581401600,12.0948,11.8922,12.2058,2197.75,2046.82
128,ZW-M890P,ld.global.ca,4,39,128,624,16,208,200,199,16613376,66453504,26581401600,11.9451,11.8964,12.0073,2225.29,2072.46
128,ZW-M890P,ld.global.ca,4,39,256,624,16,104,200,199,16613376,66453504,26581401600,11.8579,11.7952,11.9544,2241.66,2087.71
128,ZW-M890P,ld.global.ca,4,39,512,624,16,52,200,199,16613376,66453504,26581401600,12.2776,12.164,12.349,2165.02,2016.34
128,ZW-M890P,ld.global.ca,4,39,1024,624,16,24,200,199,15335424,61341696,24536678400,11.1418,11.0001,11.2552,2202.21,2050.97
128,ZW-M890P,ld.global.ca,8,39,128,624,16,208,200,199,16613376,66453504,26581401600,11.893,11.8472,11.9539,2235.05,2081.55
128,ZW-M890P,ld.global.ca,8,39,256,624,16,104,200,199,16613376,66453504,26581401600,11.8619,11.8113,11.9401,2240.9,2087
128,ZW-M890P,ld.global.ca,8,39,512,624,16,48,200,199,15335424,61341696,24536678400,11.2721,11.1179,11.3912,2176.76,2027.26
128,ZW-M890P,ld.global.ca,8,39,1024,624,16,24,200,199,15335424,61341696,24536678400,11.1355,10.8912,11.2231,2203.46,2052.13
256,ZW-M890P,ld.global.cg,1,39,128,39,1,6721,200,199,33551232,134204928,53681971200,185.669,185.448,187.167,289.127,269.27
256,ZW-M890P,ld.global.cg,1,39,256,39,1,3360,200,199,33546240,134184960,53673984000,88.0132,87.9546,88.0904,609.84,567.958
256,ZW-M890P,ld.global.cg,1,39,512,39,1,1680,200,199,33546240,134184960,53673984000,44.0222,43.9761,44.0667,1219.25,1135.51
256,ZW-M890P,ld.global.cg,1,39,1024,39,1,840,200,199,33546240,134184960,53673984000,25.5064,25.4875,25.5351,2104.33,1959.81
256,ZW-M890P,ld.global.cg,2,39,128,39,1,6720,200,199,33546240,134184960,53673984000,185.235,185.093,185.364,289.762,269.862
256,ZW-M890P,ld.global.cg,2,39,256,39,1,3360,200,199,33546240,134184960,53673984000,89.4591,89.3623,89.5337,599.984,558.778
256,ZW-M890P,ld.global.cg,2,39,512,39,1,1680,200,199,33546240,134184960,53673984000,44.7741,44.7214,44.8221,1198.77,1116.44
256,ZW-M890P,ld.global.cg,2,39,1024,39,1,840,200,199,33546240,134184960,53673984000,25.6683,25.6489,25.7031,2091.06,1947.45
256,ZW-M890P,ld.global.cg,4,39,128,39,1,6720,200,199,33546240,134184960,53673984000,183.464,183.313,183.592,292.559,272.467
256,ZW-M890P,ld.global.cg,4,39,256,39,1,3360,200,199,33546240,134184960,53673984000,88.6514,88.5484,88.7667,605.45,563.869
256,ZW-M890P,ld.global.cg,4,39,512,39,1,1680,200,199,33546240,134184960,53673984000,44.6965,44.642,44.827,1200.85,1118.38
256,ZW-M890P,ld.global.cg,4,39,1024,39,1,840,200,199,33546240,134184960,53673984000,25.7503,25.731,25.7781,2084.4,1941.25
256,ZW-M890P,ld.global.cg,8,39,128,39,1,6720,200,199,33546240,134184960,53673984000,100.817,100.676,100.962,532.389,495.826
256,ZW-M890P,ld.global.cg,8,39,256,39,1,3360,200,199,33546240,134184960,53673984000,51.3052,51.2581,51.3615,1046.17,974.322
256,ZW-M890P,ld.global.cg,8,39,512,39,1,1680,200,199,33546240,134184960,53673984000,28.4691,28.4407,28.5024,1885.34,1755.86
256,ZW-M890P,ld.global.cg,8,39,1024,39,1,840,200,199,33546240,134184960,53673984000,23.9053,23.803,24.0075,2245.28,2091.08
256,ZW-M890P,ld.global.ca,1,39,128,39,1,6721,200,199,33551232,134204928,53681971200,188.713,188.205,190.255,284.463,264.927
256,ZW-M890P,ld.global.ca,1,39,256,39,1,3360,200,199,33546240,134184960,53673984000,89.7494,89.6632,89.8326,598.043,556.971
256,ZW-M890P,ld.global.ca,1,39,512,39,1,1680,200,199,33546240,134184960,53673984000,44.7412,44.6951,44.8011,1199.65,1117.26
256,ZW-M890P,ld.global.ca,1,39,1024,39,1,840,200,199,33546240,134184960,53673984000,25.9393,25.9153,25.9724,2069.21,1927.11
256,ZW-M890P,ld.global.ca,2,39,128,39,1,6720,200,199,33546240,134184960,53673984000,188.236,188.022,188.471,285.142,265.56
256,ZW-M890P,ld.global.ca,2,39,256,39,1,3360,200,199,33546240,134184960,53673984000,91.0046,90.9113,91.0851,589.794,549.289
256,ZW-M890P,ld.global.ca,2,39,512,39,1,1680,200,199,33546240,134184960,53673984000,45.7405,45.7093,45.7975,1173.44,1092.86
256,ZW-M890P,ld.global.ca,2,39,1024,39,1,840,200,199,33546240,134184960,53673984000,26.3391,26.3179,26.3736,2037.81,1897.86
256,ZW-M890P,ld.global.ca,4,39,128,39,1,6720,200,199,33546240,134184960,53673984000,187.301,186.292,188.179,286.566,266.885
256,ZW-M890P,ld.global.ca,4,39,256,39,1,3360,200,199,33546240,134184960,53673984000,89.3107,89.2325,89.4139,600.98,559.707
256,ZW-M890P,ld.global.ca,4,39,512,39,1,1680,200,199,33546240,134184960,53673984000,44.7215,44.6895,44.7808,1200.18,1117.76
256,ZW-M890P,ld.global.ca,4,39,1024,39,1,840,200,199,33546240,134184960,53673984000,25.9382,25.9114,25.9749,2069.31,1927.19
256,ZW-M890P,ld.global.ca,8,39,128,39,1,6720,200,199,33546240,134184960,53673984000,103.153,103.045,103.25,520.335,484.6
256,ZW-M890P,ld.global.ca,8,39,256,39,1,3360,200,199,33546240,134184960,53673984000,52.0568,52.0148,52.1193,1031.07,960.256
256,ZW-M890P,ld.global.ca,8,39,512,39,1,1680,200,199,33546240,134184960,53673984000,28.7806,28.7537,28.811,1864.93,1736.85
256,ZW-M890P,ld.global.ca,8,39,1024,39,1,840,200,199,33546240,134184960,53673984000,23.8508,23.8006,23.9109,2250.4,2095.85
256,ZW-M890P,ld.global.cg,1,39,128,78,2,3360,200,199,33546240,134184960,53673984000,88.0493,87.9327,88.155,609.59,567.725
256,ZW-M890P,ld.global.cg,1,39,256,78,2,1680,200,199,33546240,134184960,53673984000,44.6773,44.635,44.7346,1201.37,1118.86
256,ZW-M890P,ld.global.cg,1,39,512,78,2,840,200,199,33546240,134184960,53673984000,25.5455,25.5279,25.5636,2101.11,1956.81
256,ZW-M890P,ld.global.cg,1,39,1024,78,2,420,200,199,33546240,134184960,53673984000,23.8279,23.7396,24.0581,2252.57,2097.87
256,ZW-M890P,ld.global.cg,2,39,128,78,2,3360,200,199,33546240,134184960,53673984000,89.6306,89.543,89.7021,598.836,557.709
256,ZW-M890P,ld.global.cg,2,39,256,78,2,1680,200,199,33546240,134184960,53673984000,45.6385,45.6126,45.6769,1176.07,1095.3
256,ZW-M890P,ld.global.cg,2,39,512,78,2,840,200,199,33546240,134184960,53673984000,25.9123,25.8915,25.9487,2071.37,1929.11
256,ZW-M890P,ld.global.cg,2,39,1024,78,2,420,200,199,33546240,134184960,53673984000,23.8267,23.7324,24.1474,2252.69,2097.98
256,ZW-M890P,ld.global.cg,4,39,128,78,2,3360,200,199,33546240,134184960,53673984000,87.9772,87.8529,88.0971,610.09,568.19
256,ZW-M890P,ld.global.cg,4,39,256,78,2,1680,200,199,33546240,134184960,53673984000,44.3622,44.2938,44.4355,1209.9,1126.81
256,ZW-M890P,ld.global.cg,4,39,512,78,2,840,200,199,33546240,134184960,53673984000,25.3893,25.3704,25.4159,2114.04,1968.86
256,ZW-M890P,ld.global.cg,4,39,1024,78,2,420,200,199,33546240,134184960,53673984000,23.8437,23.7366,23.991,2251.08,2096.48
256,ZW-M890P,ld.global.cg,8,39,128,78,2,3360,200,199,33546240,134184960,53673984000,50.4129,50.3223,50.5117,1064.69,991.567
256,ZW-M890P,ld.global.cg,8,39,256,78,2,1680,200,199,33546240,134184960,53673984000,28.2548,28.2273,28.3038,1899.64,1769.18
256,ZW-M890P,ld.global.cg,8,39,512,78,2,840,200,199,33546240,134184960,53673984000,23.9571,23.8939,24.0292,2240.42,2086.56
256,ZW-M890P,ld.global.cg,8,39,1024,78,2,416,200,199,33226752,132907008,53162803200,23.9025,23.4063,24.8645,2224.15,2071.4
256,ZW-M890P,ld.global.ca,1,39,128,78,2,3360,200,199,33546240,134184960,53673984000,89.6827,89.5192,89.8257,598.488,557.385
256,ZW-M890P,ld.global.ca,1,39,256,78,2,1680,200,199,33546240,134184960,53673984000,45.4419,45.4125,45.4958,1181.16,1100.04
256,ZW-M890P,ld.global.ca,1,39,512,78,2,840,200,199,33546240,134184960,53673984000,26.09,26.0589,26.1105,2057.26,1915.98
256,ZW-M890P,ld.global.ca,1,39,1024,78,2,420,200,199,33546240,134184960,53673984000,23.8246,23.763,23.9131,2252.88,2098.15
256,ZW-M890P,ld.global.ca,2,39,128,78,2,3360,200,199,33546240,134184960,53673984000,90.9045,90.7678,91.0547,590.443,549.893
256,ZW-M890P,ld.global.ca,2,39,256,78,2,1680,200,199,33546240,134184960,53673984000,46.2112,46.169,46.27,1161.49,1081.73
256,ZW-M890P,ld.global.ca,2,39,512,78,2,840,200,199,33546240,134184960,53673984000,26.341,26.3224,26.386,2037.66,1897.72
256,ZW-M890P,ld.global.ca,2,39,1024,78,2,420,200,199,33546240,134184960,53673984000,23.8243,23.7533,23.8892,2252.91,2098.19
256,ZW-M890P,ld.global.ca,4,39,128,78,2,3360,200,199,33546240,134184960,53673984000,90.0314,89.8618,90.1716,596.169,555.226
256,ZW-M890P,ld.global.ca,4,39,256,78,2,1680,200,199,33546240,134184960,53673984000,45.4559,45.4052,45.5098,1180.79,1099.7
256,ZW-M890P,ld.global.ca,4,39,512,78,2,840,200,199,33546240,134184960,53673984000,26.1747,26.1548,26.2196,2050.61,1909.78
256,ZW-M890P,ld.global.ca,4,39,1024,78,2,420,200,199,33546240,134184960,53673984000,23.8255,23.7728,23.9008,2252.8,2098.08
256,ZW-M890P,ld.global.ca,8,39,128,78,2,3360,200,199,33546240,134184960,53673984000,51.414,51.3527,51.4781,1043.96,972.26
256,ZW-M890P,ld.global.ca,8,39,256,78,2,1680,200,199,33546240,134184960,53673984000,29.0855,29.0548,29.1409,1845.39,1718.65
256,ZW-M890P,ld.global.ca,8,39,512,78,2,840,200,199,33546240,134184960,53673984000,23.8782,23.8251,23.9468,2247.83,2093.45
256,ZW-M890P,ld.global.ca,8,39,1024,78,2,416,200,199,33226752,132907008,53162803200,23.6767,23.6269,23.7461,2245.37,2091.16
256,ZW-M890P,ld.global.cg,1,39,128,156,4,1680,200,199,33546240,134184960,53673984000,44.4256,44.3628,44.4919,1208.18,1125.2
256,ZW-M890P,ld.global.cg,1,39,256,156,4,840,200,199,33546240,134184960,53673984000,25.6195,25.601,25.6523,2095.05,1951.16
256,ZW-M890P,ld.global.cg,1,39,512,156,4,420,200,199,33546240,134184960,53673984000,23.8805,23.7374,23.9446,2247.61,2093.25
256,ZW-M890P,ld.global.cg,1,39,1024,156,4,210,200,199,33546240,134184960,53673984000,23.8185,23.7328,23.9633,2253.46,2098.7
256,ZW-M890P,ld.global.cg,2,39,128,156,4,1680,200,199,33546240,134184960,53673984000,45.3053,45.2556,45.3723,1184.72,1103.35
256,ZW-M890P,ld.global.cg,2,39,256,156,4,840,200,199,33546240,134184960,53673984000,26.1101,26.0808,26.1547,2055.68,1914.5
256,ZW-M890P,ld.global.cg,2,39,512,156,4,420,200,199,33546240,134184960,53673984000,23.8685,23.768,23.9394,2248.74,2094.3
256,ZW-M890P,ld.global.cg,2,39,1024,156,4,210,200,199,33546240,134184960,53673984000,23.8224,23.7082,23.9311,2253.09,2098.35
256,ZW-M890P,ld.global.cg,4,39,128,156,4,1680,200,199,33546240,134184960,53673984000,44.5392,44.494,44.5995,1205.1,1122.33
256,ZW-M890P,ld.global.cg,4,39,256,156,4,840,200,199,33546240,134184960,53673984000,25.8587,25.8306,25.8986,2075.67,1933.12
256,ZW-M890P,ld.global.cg,4,39,512,156,4,420,200,199,33546240,134184960,53673984000,23.8796,23.7725,23.9538,2247.7,2093.33
256,ZW-M890P,ld.global.cg,4,39,1024,156,4,208,200,199,33226752,132907008,53162803200,23.7967,23.591,24.1588,2234.04,2080.61
256,ZW-M890P,ld.global.cg,8,39,128,156,4,1680,200,199,33546240,134184960,53673984000,28.2081,28.1849,28.2646,1902.79,1772.11
256,ZW-M890P,ld.global.cg,8,39,256,156,4,840,200,199,33546240,134184960,53673984000,25.4618,25.3989,25.5298,2108.02,1963.25
256,ZW-M890P,ld.global.cg,8,39,512,156,4,416,200,199,33226752,132907008,53162803200,24.4,23.628,25.2131,2178.8,2029.17
256,ZW-M890P,ld.global.cg,8,39,1024,156,4,208,200,199,33226752,132907008,53162803200,23.8447,23.398,24.9029,2229.54,2076.42
256,ZW-M890P,ld.global.ca,1,39,128,156,4,1680,200,199,33546240,134184960,53673984000,45.1964,45.1586,45.2503,1187.57,1106.01
256,ZW-M890P,ld.global.ca,1,39,256,156,4,840,200,199,33546240,134184960,53673984000,26.3953,26.3538,26.4271,2033.47,1893.81
256,ZW-M890P,ld.global.ca,1,39,512,156,4,420,200,199,33546240,134184960,53673984000,23.8898,23.8411,23.9747,2246.73,2092.43
256,ZW-M890P,ld.global.ca,1,39,1024,156,4,210,200,199,33546240,134184960,53673984000,23.8459,23.7852,23.924,2250.86,2096.28
256,ZW-M890P,ld.global.ca,2,39,128,156,4,1680,200,199,33546240,134184960,53673984000,45.9669,45.9158,46.0322,1167.67,1087.47
256,ZW-M890P,ld.global.ca,2,39,256,156,4,840,200,199,33546240,134184960,53673984000,26.5486,26.5131,26.5792,2021.72,1882.88
256,ZW-M890P,ld.global.ca,2,39,512,156,4,420,200,199,33546240,134184960,53673984000,23.8982,23.8527,23.9667,2245.94,2091.69
256,ZW-M890P,ld.global.ca,2,39,1024,156,4,210,200,199,33546240,134184960,53673984000,23.8632,23.8036,23.9555,2249.24,2094.77
256,ZW-M890P,ld.global.ca,4,39,128,156,4,1680,200,199,33546240,134184960,53673984000,45.3432,45.2606,45.4029,1183.73,1102.43
256,ZW-M890P,ld.global.ca,4,39,256,156,4,840,200,199,33546240,134184960,53673984000,26.2869,26.2644,26.3276,2041.85,1901.62
256,ZW-M890P,ld.global.ca,4,39,512,156,4,420,200,199,33546240,134184960,53673984000,23.9094,23.8445,23.9956,2244.89,2090.72
256,ZW-M890P,ld.global.ca,4,39,1024,156,4,208,200,199,33226752,132907008,53162803200,23.6977,23.6421,23.7594,2243.38,2089.31
256,ZW-M890P,ld.global.ca,8,39,128,156,4,1680,200,199,33546240,134184960,53673984000,28.6325,28.5792,28.6928,1874.58,1745.84
256,ZW-M890P,ld.global.ca,8,39,256,156,4,840,200,199,33546240,134184960,53673984000,24.2693,24.2106,24.3505,2211.6,2059.71
256,ZW-M890P,ld.global.ca,8,39,512,156,4,416,200,199,33226752,132907008,53162803200,23.7206,23.6697,23.7775,2241.21,2087.29
256,ZW-M890P,ld.global.ca,8,39,1024,156,4,208,200,199,33226752,132907008,53162803200,23.6513,23.5947,23.7234,2247.78,2093.41
256,ZW-M890P,ld.global.cg,1,39,128,312,8,840,200,199,33546240,134184960,53673984000,25.765,25.7357,25.7985,2083.21,1940.14
256,ZW-M890P,ld.global.cg,1,39,256,312,8,420,200,199,33546240,134184960,53673984000,23.8668,23.7927,24.1468,2248.9,2094.45
256,ZW-M890P,ld.global.cg,1,39,512,312,8,210,200,199,33546240,134184960,53673984000,23.7965,23.699,23.8938,2255.54,2100.64
256,ZW-M890P,ld.global.cg,1,39,1024,312,8,105,200,199,33546240,134184960,53673984000,23.8334,23.7511,23.9438,2252.05,2097.38
256,ZW-M890P,ld.global.cg,2,39,128,312,8,840,200,199,33546240,134184960,53673984000,26.0411,26.0091,26.0787,2061.12,1919.57
256,ZW-M890P,ld.global.cg,2,39,256,312,8,420,200,199,33546240,134184960,53673984000,23.885,23.7794,24.3668,2247.18,2092.85
256,ZW-M890P,ld.global.cg,2,39,512,312,8,210,200,199,33546240,134184960,53673984000,23.8022,23.7071,23.9087,2255,2100.13
256,ZW-M890P,ld.global.cg,2,39,1024,312,8,104,200,199,33226752,132907008,53162803200,23.7548,23.5587,24.032,2237.99,2084.29
256,ZW-M890P,ld.global.cg,4,39,128,312,8,840,200,199,33546240,134184960,53673984000,25.642,25.605,25.6713,2093.21,1949.45
256,ZW-M890P,ld.global.cg,4,39,256,312,8,420,200,199,33546240,134184960,53673984000,23.8689,23.7711,24.3007,2248.7,2094.26
256,ZW-M890P,ld.global.cg,4,39,512,312,8,208,200,199,33226752,132907008,53162803200,24.1426,23.9139,24.3851,2202.03,2050.8
256,ZW-M890P,ld.global.cg,4,39,1024,312,8,104,200,199,33226752,132907008,53162803200,23.7666,23.5376,24.0266,2236.87,2083.25
256,ZW-M890P,ld.global.cg,8,39,128,312,8,840,200,199,33546240,134184960,53673984000,24.837,24.7004,24.9832,2161.05,2012.63
256,ZW-M890P,ld.global.cg,8,39,256,312,8,416,200,199,33226752,132907008,53162803200,24.4111,23.6238,25.0736,2177.81,2028.24
256,ZW-M890P,ld.global.cg,8,39,512,312,8,208,200,199,33226752,132907008,53162803200,24.4653,23.5826,25.2428,2172.99,2023.75
256,ZW-M890P,ld.global.cg,8,39,1024,312,8,104,200,199,33226752,132907008,53162803200,23.9109,23.4236,24.7516,2223.37,2070.67
256,ZW-M890P,ld.global.ca,1,39,128,312,8,840,200,199,33546240,134184960,53673984000,26.2904,26.2332,26.3402,2041.58,1901.37
256,ZW-M890P,ld.global.ca,1,39,256,312,8,420,200,199,33546240,134184960,53673984000,23.9165,23.8615,24.0222,2244.22,2090.09
256,ZW-M890P,ld.global.ca,1,39,512,312,8,210,200,199,33546240,134184960,53673984000,23.8408,23.7904,23.9215,2251.35,2096.73
256,ZW-M890P,ld.global.ca,1,39,1024,312,8,105,200,199,33546240,134184960,53673984000,23.8342,23.7436,23.9262,2251.98,2097.32
256,ZW-M890P,ld.global.ca,2,39,128,312,8,840,200,199,33546240,134184960,53673984000,26.6417,26.6005,26.6814,2014.66,1876.3
256,ZW-M890P,ld.global.ca,2,39,256,312,8,420,200,199,33546240,134184960,53673984000,24.0243,23.952,24.1098,2234.15,2080.72
256,ZW-M890P,ld.global.ca,2,39,512,312,8,210,200,199,33546240,134184960,53673984000,23.8632,23.8142,23.9353,2249.24,2094.77
256,ZW-M890P,ld.global.ca,2,39,1024,312,8,104,200,199,33226752,132907008,53162803200,23.6838,23.6142,23.767,2244.69,2090.53
256,ZW-M890P,ld.global.ca,4,39,128,312,8,840,200,199,33546240,134184960,53673984000,26.1077,26.0782,26.1399,2055.87,1914.68
256,ZW-M890P,ld.global.ca,4,39,256,312,8,420,200,199,33546240,134184960,53673984000,23.9181,23.8669,23.994,2244.08,2089.96
256,ZW-M890P,ld.global.ca,4,39,512,312,8,208,200,199,33226752,132907008,53162803200,24.0136,23.9311,24.1061,2213.87,2061.82
256,ZW-M890P,ld.global.ca,4,39,1024,312,8,104,200,199,33226752,132907008,53162803200,23.691,23.6248,23.7736,2244.01,2089.9
256,ZW-M890P,ld.global.ca,8,39,128,312,8,840,200,199,33546240,134184960,53673984000,24.1578,24.0884,24.2795,2221.81,2069.22
256,ZW-M890P,ld.global.ca,8,39,256,312,8,416,200,199,33226752,132907008,53162803200,24.5212,24.4512,24.5868,2168.04,2019.14
256,ZW-M890P,ld.global.ca,8,39,512,312,8,208,200,199,33226752,132907008,53162803200,23.7032,23.6468,23.7715,2242.85,2088.82
256,ZW-M890P,ld.global.ca,8,39,1024,312,8,104,200,199,33226752,132907008,53162803200,23.6423,23.5773,23.7233,2248.63,2094.2
256,ZW-M890P,ld.global.cg,1,39,128,624,16,420,200,199,33546240,134184960,53673984000,23.8326,23.7527,24.0912,2252.12,2097.45
256,ZW-M890P,ld.global.cg,1,39,256,624,16,210,200,199,33546240,134184960,53673984000,23.9023,23.7689,24.0456,2245.56,2091.34
256,ZW-M890P,ld.global.cg,1,39,512,624,16,105,200,199,33546240,134184960,53673984000,23.8697,23.7712,23.9819,2248.63,2094.2
256,ZW-M890P,ld.global.cg,1,39,1024,624,16,52,200,199,33226752,132907008,53162803200,24.4051,24.1874,24.6187,2178.35,2028.75
256,ZW-M890P,ld.global.cg,2,39,128,624,16,420,200,199,33546240,134184960,53673984000,23.8317,23.7372,24.0416,2252.21,2097.54
256,ZW-M890P,ld.global.cg,2,39,256,624,16,210,200,199,33546240,134184960,53673984000,23.897,23.7801,24.0529,2246.06,2091.81
256,ZW-M890P,ld.global.cg,2,39,512,624,16,104,200,199,33226752,132907008,53162803200,24.1551,23.9863,24.3789,2200.89,2049.74
256,ZW-M890P,ld.global.cg,2,39,1024,624,16,52,200,199,33226752,132907008,53162803200,24.4141,24.2299,24.5835,2177.54,2028
256,ZW-M890P,ld.global.cg,4,39,128,624,16,420,200,199,33546240,134184960,53673984000,23.8301,23.7527,24.0199,2252.36,2097.68
256,ZW-M890P,ld.global.cg,4,39,256,624,16,208,200,199,33226752,132907008,53162803200,24.1595,23.6731,25.1602,2200.5,2049.37
256,ZW-M890P,ld.global.cg,4,39,512,624,16,104,200,199,33226752,132907008,53162803200,24.1569,23.9873,24.4897,2200.72,2049.58
256,ZW-M890P,ld.global.cg,4,39,1024,624,16,52,200,199,33226752,132907008,53162803200,24.421,24.2085,24.6335,2176.93,2027.42
256,ZW-M890P,ld.global.cg,8,39,128,624,16,416,200,199,33226752,132907008,53162803200,23.9052,23.4644,25.0956,2223.9,2071.17
256,ZW-M890P,ld.global.cg,8,39,256,624,16,208,200,199,33226752,132907008,53162803200,24.1368,23.4997,24.8297,2202.56,2051.29
256,ZW-M890P,ld.global.cg,8,39,512,624,16,104,200,199,33226752,132907008,53162803200,24.4402,23.6559,25.2452,2175.22,2025.83
256,ZW-M890P,ld.global.cg,8,39,1024,624,16,48,200,199,30670848,122683392,49073356800,22.5998,22.1312,22.7384,2171.41,2022.28
256,ZW-M890P,ld.global.ca,1,39,128,624,16,420,200,199,33546240,134184960,53673984000,24.0955,24.0133,24.344,2227.55,2074.57
256,ZW-M890P,ld.global.ca,1,39,256,624,16,210,200,199,33546240,134184960,53673984000,23.8763,23.8309,23.9556,2248,2093.61
256,ZW-M890P,ld.global.ca,1,39,512,624,16,105,200,199,33546240,134184960,53673984000,23.8309,23.7779,23.9075,2252.28,2097.6
256,ZW-M890P,ld.global.ca,1,39,1024,624,16,52,200,199,33226752,132907008,53162803200,24.3811,24.1262,24.5468,2180.5,2030.75
256,ZW-M890P,ld.global.ca,2,39,128,624,16,420,200,199,33546240,134184960,53673984000,24.2432,24.1789,24.4132,2213.98,2061.93
256,ZW-M890P,ld.global.ca,2,39,256,624,16,210,200,199,33546240,134184960,53673984000,23.9219,23.856,23.984,2243.72,2089.62
256,ZW-M890P,ld.global.ca,2,39,512,624,16,104,200,199,33226752,132907008,53162803200,23.9091,23.8429,24.0072,2223.54,2070.83
256,ZW-M890P,ld.global.ca,2,39,1024,624,16,52,200,199,33226752,132907008,53162803200,24.3639,24.0106,24.5479,2182.03,2032.17
256,ZW-M890P,ld.global.ca,4,39,128,624,16,420,200,199,33546240,134184960,53673984000,24.055,23.9792,24.182,2231.3,2078.06
256,ZW-M890P,ld.global.ca,4,39,256,624,16,208,200,199,33226752,132907008,53162803200,23.8363,23.7634,23.9055,2230.33,2077.16
256,ZW-M890P,ld.global.ca,4,39,512,624,16,104,200,199,33226752,132907008,53162803200,23.8939,23.8196,23.9716,2224.96,2072.15
256,ZW-M890P,ld.global.ca,4,39,1024,624,16,52,200,199,33226752,132907008,53162803200,24.36,24.1372,24.5566,2182.38,2032.5
256,ZW-M890P,ld.global.ca,8,39,128,624,16,416,200,199,33226752,132907008,53162803200,26.657,26.5818,26.748,1994.33,1857.36
256,ZW-M890P,ld.global.ca,8,39,256,624,16,208,200,199,33226752,132907008,53162803200,23.8299,23.7695,23.9322,2230.93,2077.72
256,ZW-M890P,ld.global.ca,8,39,512,624,16,104,200,199,33226752,132907008,53162803200,23.6658,23.5821,23.7701,2246.39,2092.12
256,ZW-M890P,ld.global.ca,8,39,1024,624,16,48,200,199,30670848,122683392,49073356800,22.4855,21.9394,22.6304,2182.44,2032.56
512,ZW-M890P,ld.global.cg,1,39,128,39,1,13443,200,199,67107456,268429824,107371929600,372.751,372.411,373.56,288.052,268.27
512,ZW-M890P,ld.global.cg,1,39,256,39,1,6721,200,199,67102464,268409856,107363942400,178.993,178.891,179.107,599.823,558.628
512,ZW-M890P,ld.global.cg,1,39,512,39,1,3360,200,199,67092480,268369920,107347968000,86.4535,85.6803,86.7614,1241.68,1156.41
512,ZW-M890P,ld.global.cg,1,39,1024,39,1,1680,200,199,67092480,268369920,107347968000,51.2852,51.2593,51.3316,2093.16,1949.4
512,ZW-M890P,ld.global.cg,2,39,128,39,1,13442,200,199,67102464,268409856,107363942400,369.591,369.213,370.564,290.494,270.543
512,ZW-M890P,ld.global.cg,2,39,256,39,1,6720,200,199,67092480,268369920,107347968000,179.502,179.395,179.603,598.033,556.962
512,ZW-M890P,ld.global.cg,2,39,512,39,1,3360,200,199,67092480,268369920,107347968000,86.5858,85.315,86.8836,1239.79,1154.64
512,ZW-M890P,ld.global.cg,2,39,1024,39,1,1680,200,199,67092480,268369920,107347968000,51.2788,51.2547,51.3079,2093.42,1949.65
512,ZW-M890P,ld.global.cg,4,39,128,39,1,13440,200,199,67092480,268369920,107347968000,368.023,367.634,368.3,291.688,271.656
512,ZW-M890P,ld.global.cg,4,39,256,39,1,6720,200,199,67092480,268369920,107347968000,177.505,177.392,177.606,604.76,563.226
512,ZW-M890P,ld.global.cg,4,39,512,39,1,3360,200,199,67092480,268369920,107347968000,83.9007,83.8212,85.4731,1279.46,1191.59
512,ZW-M890P,ld.global.cg,4,39,1024,39,1,1680,200,199,67092480,268369920,107347968000,51.1465,51.1164,51.2003,2098.83,1954.69
512,ZW-M890P,ld.global.cg,8,39,128,39,1,13440,200,199,67092480,268369920,107347968000,201.921,201.691,202.098,531.634,495.122
512,ZW-M890P,ld.global.cg,8,39,256,39,1,6720,200,199,67092480,268369920,107347968000,102.033,101.892,102.192,1052.09,979.833
512,ZW-M890P,ld.global.cg,8,39,512,39,1,3360,200,199,67092480,268369920,107347968000,57.2211,57.1744,57.3182,1876.02,1747.18
512,ZW-M890P,ld.global.cg,8,39,1024,39,1,1680,200,199,67092480,268369920,107347968000,48.0059,47.9429,48.0684,2236.14,2082.57
512,ZW-M890P,ld.global.ca,1,39,128,39,1,13443,200,199,67107456,268429824,107371929600,377.219,376.818,377.563,284.641,265.092
512,ZW-M890P,ld.global.ca,1,39,256,39,1,6721,200,199,67102464,268409856,107363942400,182.287,182.152,182.365,588.982,548.532
512,ZW-M890P,ld.global.ca,1,39,512,39,1,3360,200,199,67092480,268369920,107347968000,86.3376,85.2767,86.568,1243.35,1157.96
512,ZW-M890P,ld.global.ca,1,39,1024,39,1,1680,200,199,67092480,268369920,107347968000,52.2806,52.2517,52.3242,2053.3,1912.29
512,ZW-M890P,ld.global.ca,2,39,128,39,1,13442,200,199,67102464,268409856,107363942400,374.97,374.331,375.881,286.327,266.662
512,ZW-M890P,ld.global.ca,2,39,256,39,1,6720,200,199,67092480,268369920,107347968000,183.447,183.333,183.666,585.171,544.983
512,ZW-M890P,ld.global.ca,2,39,512,39,1,3360,200,199,67092480,268369920,107347968000,87.7981,86.7719,88.5031,1222.67,1138.7
512,ZW-M890P,ld.global.ca,2,39,1024,39,1,1680,200,199,67092480,268369920,107347968000,52.5084,52.4701,52.5463,2044.4,1903.99
512,ZW-M890P,ld.global.ca,4,39,128,39,1,13440,200,199,67092480,268369920,107347968000,375.157,373.761,376.817,286.141,266.49
512,ZW-M890P,ld.global.ca,4,39,256,39,1,6720,200,199,67092480,268369920,107347968000,181.161,181.03,181.277,592.554,551.859
512,ZW-M890P,ld.global.ca,4,39,512,39,1,3360,200,199,67092480,268369920,107347968000,86.818,85.2529,87.064,1236.47,1151.55
512,ZW-M890P,ld.global.ca,4,39,1024,39,1,1680,200,199,67092480,268369920,107347968000,52.2012,52.1595,52.2808,2056.43,1915.2
512,ZW-M890P,ld.global.ca,8,39,128,39,1,13440,200,199,67092480,268369920,107347968000,207.286,206.985,207.453,517.873,482.306
512,ZW-M890P,ld.global.ca,8,39,256,39,1,6720,200,199,67092480,268369920,107347968000,103.885,103.768,104.014,1033.33,962.365
512,ZW-M890P,ld.global.ca,8,39,512,39,1,3360,200,199,67092480,268369920,107347968000,57.8109,57.7547,57.9166,1856.88,1729.35
512,ZW-M890P,ld.global.ca,8,39,1024,39,1,1680,200,199,67092480,268369920,107347968000,47.8735,47.7899,47.9669,2242.33,2088.33
512,ZW-M890P,ld.global.cg,1,39,128,78,2,6721,200,199,67102464,268409856,107363942400,180.031,179.878,180.197,596.364,555.407
512,ZW-M890P,ld.global.cg,1,39,256,78,2,3360,200,199,67092480,268369920,107347968000,90.0819,90.036,90.1586,1191.67,1109.83
512,ZW-M890P,ld.global.cg,1,39,512,78,2,1680,200,199,67092480,268369920,107347968000,51.6602,51.4328,51.7103,2077.96,1935.25
512,ZW-M890P,ld.global.cg,1,39,1024,78,2,840,200,199,67092480,268369920,107347968000,47.6738,47.5118,47.8704,2251.72,2097.08
512,ZW-M890P,ld.global.cg,2,39,128,78,2,6720,200,199,67092480,268369920,107347968000,178.878,178.743,179.018,600.117,558.903
512,ZW-M890P,ld.global.cg,2,39,256,78,2,3360,200,199,67092480,268369920,107347968000,91.3807,91.3298,91.4532,1174.73,1094.06
512,ZW-M890P,ld.global.cg,2,39,512,78,2,1680,200,199,67092480,268369920,107347968000,52.5321,52.4664,52.6605,2043.47,1903.13
512,ZW-M890P,ld.global.cg,2,39,1024,78,2,840,200,199,67092480,268369920,107347968000,47.8209,47.5479,48.3013,2244.79,2090.63
512,ZW-M890P,ld.global.cg,4,39,128,78,2,6720,200,199,67092480,268369920,107347968000,177.861,177.721,178.019,603.549,562.099
512,ZW-M890P,ld.global.cg,4,39,256,78,2,3360,200,199,67092480,268369920,107347968000,90.0248,89.9342,90.1024,1192.43,1110.53
512,ZW-M890P,ld.global.cg,4,39,512,78,2,1680,200,199,67092480,268369920,107347968000,51.7985,51.4935,51.8672,2072.41,1930.09
512,ZW-M890P,ld.global.cg,4,39,1024,78,2,840,200,199,67092480,268369920,107347968000,47.6681,47.5271,47.943,2251.99,2097.33
512,ZW-M890P,ld.global.cg,8,39,128,78,2,6720,200,199,67092480,268369920,107347968000,102.066,101.958,102.184,1051.75,979.52
512,ZW-M890P,ld.global.cg,8,39,256,78,2,3360,200,199,67092480,268369920,107347968000,57.2158,57.1527,57.2929,1876.2,1747.34
512,ZW-M890P,ld.global.cg,8,39,512,78,2,1680,200,199,67092480,268369920,107347968000,48.2787,48.2097,48.3429,2223.51,2070.8
512,ZW-M890P,ld.global.cg,8,39,1024,78,2,840,200,199,67092480,268369920,107347968000,48.2208,47.5258,49.8224,2226.18,2073.29
512,ZW-M890P,ld.global.ca,1,39,128,78,2,6721,200,199,67102464,268409856,107363942400,183.092,182.98,183.222,586.394,546.122
512,ZW-M890P,ld.global.ca,1,39,256,78,2,3360,200,199,67092480,268369920,107347968000,91.2289,91.1347,91.3194,1176.69,1095.88
512,ZW-M890P,ld.global.ca,1,39,512,78,2,1680,200,199,67092480,268369920,107347968000,53.2045,52.877,53.2805,2017.65,1879.08
512,ZW-M890P,ld.global.ca,1,39,1024,78,2,840,200,199,67092480,268369920,107347968000,48.045,47.974,48.1775,2234.32,2080.87
512,ZW-M890P,ld.global.ca,2,39,128,78,2,6720,200,199,67092480,268369920,107347968000,183.206,182.136,184.09,585.943,545.702
512,ZW-M890P,ld.global.ca,2,39,256,78,2,3360,200,199,67092480,268369920,107347968000,91.9462,91.8823,92.0191,1167.51,1087.33
512,ZW-M890P,ld.global.ca,2,39,512,78,2,1680,200,199,67092480,268369920,107347968000,52.406,52.3485,52.6705,2048.39,1907.71
512,ZW-M890P,ld.global.ca,2,39,1024,78,2,840,200,199,67092480,268369920,107347968000,48.0663,47.9964,48.1669,2233.33,2079.95
512,ZW-M890P,ld.global.ca,4,39,128,78,2,6720,200,199,67092480,268369920,107347968000,180.453,180.356,180.529,594.879,554.024
512,ZW-M890P,ld.global.ca,4,39,256,78,2,3360,200,199,67092480,268369920,107347968000,91.5591,91.4828,91.6534,1172.45,1091.92
512,ZW-M890P,ld.global.ca,4,39,512,78,2,1680,200,199,67092480,268369920,107347968000,52.8985,52.7251,53.0868,2029.32,1889.95
512,ZW-M890P,ld.global.ca,4,39,1024,78,2,840,200,199,67092480,268369920,107347968000,48.0544,47.978,48.1477,2233.88,2080.47
512,ZW-M890P,ld.global.ca,8,39,128,78,2,6720,200,199,67092480,268369920,107347968000,103.011,102.852,103.184,1042.1,970.535
512,ZW-M890P,ld.global.ca,8,39,256,78,2,3360,200,199,67092480,268369920,107347968000,57.8805,57.8255,57.9981,1854.65,1727.28
512,ZW-M890P,ld.global.ca,8,39,512,78,2,1680,200,199,67092480,268369920,107347968000,48.1356,48.0445,48.2475,2230.11,2076.96
512,ZW-M890P,ld.global.ca,8,39,1024,78,2,840,200,199,67092480,268369920,107347968000,47.884,47.8021,48.0067,2241.83,2087.87
512,ZW-M890P,ld.global.cg,1,39,128,156,4,3360,200,199,67092480,268369920,107347968000,89.6778,89.57,89.7773,1197.04,1114.83
512,ZW-M890P,ld.global.cg,1,39,256,156,4,1680,200,199,67092480,268369920,107347968000,51.5963,51.5415,51.6172,2080.53,1937.65
512,ZW-M890P,ld.global.cg,1,39,512,156,4,840,200,199,67092480,268369920,107347968000,49.3359,48.7933,49.8856,2175.86,2026.43
512,ZW-M890P,ld.global.cg,1,39,1024,156,4,420,200,199,67092480,268369920,107347968000,47.6987,47.4884,47.896,2250.55,2095.98
512,ZW-M890P,ld.global.cg,2,39,128,156,4,3360,200,199,67092480,268369920,107347968000,90.0296,89.9867,90.1108,1192.36,1110.47
512,ZW-M890P,ld.global.cg,2,39,256,156,4,1680,200,199,67092480,268369920,107347968000,51.6726,51.6292,51.7015,2077.47,1934.79
512,ZW-M890P,ld.global.cg,2,39,512,156,4,840,200,199,67092480,268369920,107347968000,49.3528,48.5658,50.127,2175.11,2025.73
512,ZW-M890P,ld.global.cg,2,39,1024,156,4,420,200,199,67092480,268369920,107347968000,47.7049,47.4466,47.8927,2250.25,2095.71
512,ZW-M890P,ld.global.cg,4,39,128,156,4,3360,200,199,67092480,268369920,107347968000,89.416,89.3321,89.5437,1200.55,1118.1
512,ZW-M890P,ld.global.cg,4,39,256,156,4,1680,200,199,67092480,268369920,107347968000,51.8202,51.7628,51.8784,2071.55,1929.28
512,ZW-M890P,ld.global.cg,4,39,512,156,4,840,200,199,67092480,268369920,107347968000,49.4458,48.8683,50.2684,2171.02,2021.92
512,ZW-M890P,ld.global.cg,4,39,1024,156,4,420,200,199,67092480,268369920,107347968000,47.6996,47.5079,47.9395,2250.5,2095.94
512,ZW-M890P,ld.global.cg,8,39,128,156,4,3360,200,199,67092480,268369920,107347968000,56.7817,56.723,56.8384,1890.54,1760.7
512,ZW-M890P,ld.global.cg,8,39,256,156,4,1680,200,199,67092480,268369920,107347968000,49.1348,49.0699,49.2142,2184.76,2034.72
512,ZW-M890P,ld.global.cg,8,39,512,156,4,840,200,199,67092480,268369920,107347968000,48.339,47.7261,49.5613,2220.73,2068.22
512,ZW-M890P,ld.global.cg,8,39,1024,156,4,416,200,199,66453504,265814016,106325606400,47.322,46.7706,48.4902,2246.85,2092.55
512,ZW-M890P,ld.global.ca,1,39,128,156,4,3360,200,199,67092480,268369920,107347968000,91.57,91.5105,91.6418,1172.31,1091.79
512,ZW-M890P,ld.global.ca,1,39,256,156,4,1680,200,199,67092480,268369920,107347968000,53.3394,52.968,53.389,2012.55,1874.33
512,ZW-M890P,ld.global.ca,1,39,512,156,4,840,200,199,67092480,268369920,107347968000,48.6301,48.5645,48.7047,2207.44,2055.84
512,ZW-M890P,ld.global.ca,1,39,1024,156,4,420,200,199,67092480,268369920,107347968000,47.753,47.67,47.8207,2247.98,2093.6
512,ZW-M890P,ld.global.ca,2,39,128,156,4,3360,200,199,67092480,268369920,107347968000,92.2294,91.8572,92.7458,1163.92,1083.99
512,ZW-M890P,ld.global.ca,2,39,256,156,4,1680,200,199,67092480,268369920,107347968000,53.2799,53.2316,53.3158,2014.79,1876.42
512,ZW-M890P,ld.global.ca,2,39,512,156,4,840,200,199,67092480,268369920,107347968000,48.8346,48.7215,48.9294,2198.2,2047.23
512,ZW-M890P,ld.global.ca,2,39,1024,156,4,420,200,199,67092480,268369920,107347968000,47.8666,47.7681,47.9554,2242.65,2088.63
512,ZW-M890P,ld.global.ca,4,39,128,156,4,3360,200,199,67092480,268369920,107347968000,91.2507,91.1748,91.3513,1176.41,1095.61
512,ZW-M890P,ld.global.ca,4,39,256,156,4,1680,200,199,67092480,268369920,107347968000,53.3229,53.2901,53.3882,2013.17,1874.91
512,ZW-M890P,ld.global.ca,4,39,512,156,4,840,200,199,67092480,268369920,107347968000,48.8306,48.7854,48.8902,2198.38,2047.4
512,ZW-M890P,ld.global.ca,4,39,1024,156,4,420,200,199,67092480,268369920,107347968000,47.7943,47.701,47.8774,2246.04,2091.79
512,ZW-M890P,ld.global.ca,8,39,128,156,4,3360,200,199,67092480,268369920,107347968000,57.1843,57.1289,57.2531,1877.23,1748.3
512,ZW-M890P,ld.global.ca,8,39,256,156,4,1680,200,199,67092480,268369920,107347968000,48.4682,48.3703,48.5505,2214.81,2062.7
512,ZW-M890P,ld.global.ca,8,39,512,156,4,840,200,199,67092480,268369920,107347968000,47.9474,47.8433,48.0972,2238.87,2085.11
512,ZW-M890P,ld.global.ca,8,39,1024,156,4,416,200,199,66453504,265814016,106325606400,47.241,47.1657,47.3442,2250.7,2096.13
512,ZW-M890P,ld.global.cg,1,39,128,312,8,1680,200,199,67092480,268369920,107347968000,51.6129,51.5476,51.6744,2079.87,1937.03
512,ZW-M890P,ld.global.cg,1,39,256,312,8,840,200,199,67092480,268369920,107347968000,47.7123,47.5927,48.0758,2249.9,2095.39
512,ZW-M890P,ld.global.cg,1,39,512,312,8,420,200,199,67092480,268369920,107347968000,48.3409,47.4544,48.7304,2220.64,2068.14
512,ZW-M890P,ld.global.cg,1,39,1024,312,8,210,200,199,67092480,268369920,107347968000,47.7914,47.5808,48.0779,2246.18,2091.92
512,ZW-M890P,ld.global.cg,2,39,128,312,8,1680,200,199,67092480,268369920,107347968000,51.9359,51.8586,52.2603,2066.93,1924.98
512,ZW-M890P,ld.global.cg,2,39,256,312,8,840,200,199,67092480,268369920,107347968000,47.7053,47.5569,48.083,2250.23,2095.69
512,ZW-M890P,ld.global.cg,2,39,512,312,8,420,200,199,67092480,268369920,107347968000,48.283,48.0449,48.783,2223.31,2070.62
512,ZW-M890P,ld.global.cg,2,39,1024,312,8,210,200,199,67092480,268369920,107347968000,47.7855,47.5959,48.1257,2246.45,2092.17
512,ZW-M890P,ld.global.cg,4,39,128,312,8,1680,200,199,67092480,268369920,107347968000,51.8423,51.7933,51.9106,2070.67,1928.46
512,ZW-M890P,ld.global.cg,4,39,256,312,8,840,200,199,67092480,268369920,107347968000,47.7408,47.6156,48.1009,2248.56,2094.13
512,ZW-M890P,ld.global.cg,4,39,512,312,8,420,200,199,67092480,268369920,107347968000,48.3016,47.7095,48.6052,2222.45,2069.82
512,ZW-M890P,ld.global.cg,4,39,1024,312,8,208,200,199,66453504,265814016,106325606400,47.4399,46.9966,47.7446,2241.27,2087.35
512,ZW-M890P,ld.global.cg,8,39,128,312,8,1680,200,199,67092480,268369920,107347968000,48.2947,48.2249,48.3925,2222.77,2070.12
512,ZW-M890P,ld.global.cg,8,39,256,312,8,840,200,199,67092480,268369920,107347968000,48.0197,47.4703,49.8095,2235.5,2081.97
512,ZW-M890P,ld.global.cg,8,39,512,312,8,416,200,199,66453504,265814016,106325606400,47.5809,46.7919,48.8197,2234.63,2081.16
512,ZW-M890P,ld.global.cg,8,39,1024,312,8,208,200,199,66453504,265814016,106325606400,47.1791,46.6219,48.4482,2253.66,2098.88
512,ZW-M890P,ld.global.ca,1,39,128,312,8,1680,200,199,67092480,268369920,107347968000,52.6316,52.5585,52.7132,2039.61,1899.54
512,ZW-M890P,ld.global.ca,1,39,256,312,8,840,200,199,67092480,268369920,107347968000,49.3747,49.2398,49.4969,2174.15,2024.84
512,ZW-M890P,ld.global.ca,1,39,512,312,8,420,200,199,67092480,268369920,107347968000,48.5446,48.427,48.6122,2211.33,2059.46
512,ZW-M890P,ld.global.ca,1,39,1024,312,8,210,200,199,67092480,268369920,107347968000,47.9542,47.8644,48.0841,2238.55,2084.82
512,ZW-M890P,ld.global.ca,2,39,128,312,8,1680,200,199,67092480,268369920,107347968000,53.4945,53.1986,53.6044,2006.71,1868.89
512,ZW-M890P,ld.global.ca,2,39,256,312,8,840,200,199,67092480,268369920,107347968000,50.3169,50.1674,50.4986,2133.44,1986.92
512,ZW-M890P,ld.global.ca,2,39,512,312,8,420,200,199,67092480,268369920,107347968000,48.6186,48.5335,48.6975,2207.96,2056.32
512,ZW-M890P,ld.global.ca,2,39,1024,312,8,210,200,199,67092480,268369920,107347968000,48.0874,47.9822,48.2073,2232.35,2079.04
512,ZW-M890P,ld.global.ca,4,39,128,312,8,1680,200,199,67092480,268369920,107347968000,52.2567,52.2022,52.316,2054.24,1913.16
512,ZW-M890P,ld.global.ca,4,39,256,312,8,840,200,199,67092480,268369920,107347968000,49.424,49.3065,49.5495,2171.98,2022.82
512,ZW-M890P,ld.global.ca,4,39,512,312,8,420,200,199,67092480,268369920,107347968000,48.5837,48.4424,48.6582,2209.55,2057.8
512,ZW-M890P,ld.global.ca,4,39,1024,312,8,208,200,199,66453504,265814016,106325606400,47.269,47.1636,47.4039,2249.37,2094.89
512,ZW-M890P,ld.global.ca,8,39,128,312,8,1680,200,199,67092480,268369920,107347968000,48.5372,48.3545,48.7189,2211.66,2059.77
512,ZW-M890P,ld.global.ca,8,39,256,312,8,840,200,199,67092480,268369920,107347968000,51.6411,51.4802,51.8085,2078.73,1935.97
512,ZW-M890P,ld.global.ca,8,39,512,312,8,416,200,199,66453504,265814016,106325606400,47.3087,47.1842,47.4509,2247.49,2093.14
512,ZW-M890P,ld.global.ca,8,39,1024,312,8,208,200,199,66453504,265814016,106325606400,47.2138,47.1098,47.3402,2252,2097.34
512,ZW-M890P,ld.global.cg,1,39,128,624,16,840,200,199,67092480,268369920,107347968000,47.8686,47.5612,48.2725,2242.56,2088.54
512,ZW-M890P,ld.global.cg,1,39,256,624,16,420,200,199,67092480,268369920,107347968000,47.6188,47.4615,48.0671,2254.32,2099.5
512,ZW-M890P,ld.global.cg,1,39,512,624,16,210,200,199,67092480,268369920,107347968000,47.9248,47.7551,48.2281,2239.93,2086.09
512,ZW-M890P,ld.global.cg,1,39,1024,624,16,105,200,199,67092480,268369920,107347968000,47.7601,47.5779,48.0745,2247.65,2093.29
512,ZW-M890P,ld.global.cg,2,39,128,624,16,840,200,199,67092480,268369920,107347968000,47.8682,47.5257,48.3362,2242.57,2088.56
512,ZW-M890P,ld.global.cg,2,39,256,624,16,420,200,199,67092480,268369920,107347968000,47.6402,47.447,47.9381,2253.31,2098.55
512,ZW-M890P,ld.global.cg,2,39,512,624,16,210,200,199,67092480,268369920,107347968000,47.9015,47.742,48.2482,2241.02,2087.11
512,ZW-M890P,ld.global.cg,2,39,1024,624,16,104,200,199,66453504,265814016,106325606400,47.1701,46.9818,47.4096,2254.09,2099.29
512,ZW-M890P,ld.global.cg,4,39,128,624,16,840,200,199,67092480,268369920,107347968000,47.8298,47.5563,48.2958,2244.37,2090.24
512,ZW-M890P,ld.global.cg,4,39,256,624,16,420,200,199,67092480,268369920,107347968000,47.6279,47.4389,47.8616,2253.89,2099.1
512,ZW-M890P,ld.global.cg,4,39,512,624,16,208,200,199,66453504,265814016,106325606400,47.724,47.5093,48.1932,2227.93,2074.92
512,ZW-M890P,ld.global.cg,4,39,1024,624,16,104,200,199,66453504,265814016,106325606400,47.1641,46.925,47.3915,2254.38,2099.55
512,ZW-M890P,ld.global.cg,8,39,128,624,16,840,200,199,67092480,268369920,107347968000,48.2037,47.3752,58.3738,2226.97,2074.02
512,ZW-M890P,ld.global.cg,8,39,256,624,16,416,200,199,66453504,265814016,106325606400,48.7359,47.6778,49.5784,2181.67,2031.84
512,ZW-M890P,ld.global.cg,8,39,512,624,16,208,200,199,66453504,265814016,106325606400,47.8981,47.0397,49.1848,2219.83,2067.38
512,ZW-M890P,ld.global.cg,8,39,1024,624,16,104,200,199,66453504,265814016,106325606400,47.547,46.8213,48.6199,2236.22,2082.65
512,ZW-M890P,ld.global.ca,1,39,128,624,16,840,200,199,67092480,268369920,107347968000,60.2079,59.8997,60.5018,1782.96,1660.51
512,ZW-M890P,ld.global.ca,1,39,256,624,16,420,200,199,67092480,268369920,107347968000,48.0876,47.9527,48.195,2232.34,2079.03
512,ZW-M890P,ld.global.ca,1,39,512,624,16,210,200,199,67092480,268369920,107347968000,48.1421,48.0012,48.3144,2229.82,2076.68
512,ZW-M890P,ld.global.ca,1,39,1024,624,16,105,200,199,67092480,268369920,107347968000,47.9538,47.8041,48.0911,2238.57,2084.83
512,ZW-M890P,ld.global.ca,2,39,128,624,16,840,200,199,67092480,268369920,107347968000,61.7178,61.2842,61.9398,1739.33,1619.88
512,ZW-M890P,ld.global.ca,2,39,256,624,16,420,200,199,67092480,268369920,107347968000,48.2865,48.1699,48.4114,2223.14,2070.46
512,ZW-M890P,ld.global.ca,2,39,512,624,16,210,200,199,67092480,268369920,107347968000,48.1669,48.0447,48.432,2228.67,2075.61
512,ZW-M890P,ld.global.ca,2,39,1024,624,16,104,200,199,66453504,265814016,106325606400,47.3101,47.1609,47.464,2247.42,2093.07
512,ZW-M890P,ld.global.ca,4,39,128,624,16,840,200,199,67092480,268369920,107347968000,60.3454,60.0746,60.5577,1778.89,1656.72
512,ZW-M890P,ld.global.ca,4,39,256,624,16,420,200,199,67092480,268369920,107347968000,48.1267,48.0418,48.2459,2230.53,2077.34
512,ZW-M890P,ld.global.ca,4,39,512,624,16,208,200,199,66453504,265814016,106325606400,47.6538,47.4996,47.8194,2231.21,2077.98
512,ZW-M890P,ld.global.ca,4,39,1024,624,16,104,200,199,66453504,265814016,106325606400,47.3121,47.1663,47.4734,2247.32,2092.98
512,ZW-M890P,ld.global.ca,8,39,128,624,16,840,200,199,67092480,268369920,107347968000,66.5695,66.1651,66.87,1612.57,1501.82
512,ZW-M890P,ld.global.ca,8,39,256,624,16,416,200,199,66453504,265814016,106325606400,47.7448,47.4604,48.3773,2226.96,2074.01
512,ZW-M890P,ld.global.ca,8,39,512,624,16,208,200,199,66453504,265814016,106325606400,47.2838,47.1691,47.4082,2248.67,2094.24
512,ZW-M890P,ld.global.ca,8,39,1024,624,16,104,200,199,66453504,265814016,106325606400,47.2429,47.1311,47.4175,2250.62,2096.05
